hour	channel	value	hour_text	channel_text	programs
1	1	0	16 Sep 2015 23:00 UTC	AlJazeera	None
1	2	919	16 Sep 2015 23:00 UTC	CNN	CNN Republican Primary Debate Undercard, Erin Burnett Out Front
1	3	366	16 Sep 2015 23:00 UTC	FOX-News	On the Record with Greta Van Susteren
1	4	0	16 Sep 2015 23:00 UTC	France	None
1	5	0	16 Sep 2015 23:00 UTC	HLN	None
1	6	0	16 Sep 2015 23:00 UTC	KABC	None
1	7	0	16 Sep 2015 23:00 UTC	KCAL	None
1	8	0	16 Sep 2015 23:00 UTC	KCBS	None
1	9	0	16 Sep 2015 23:00 UTC	KMEX	None
1	10	0	16 Sep 2015 23:00 UTC	KNBC	None
1	11	0	16 Sep 2015 23:00 UTC	KTTV-FOX	None
1	12	343	16 Sep 2015 23:00 UTC	MSNBC	Hardball with Chris Matthews
1	13	0	16 Sep 2015 23:00 UTC	Spain	None
1	14	0	16 Sep 2015 23:00 UTC	WEWS	None
1	15	0	16 Sep 2015 23:00 UTC	WKYC	None
1	16	0	16 Sep 2015 23:00 UTC	WUAB	None
1	17	0	16 Sep 2015 23:00 UTC	World	None
2	1	0	17 Sep 2015 00:00 UTC	AlJazeera	None
2	2	941	17 Sep 2015 00:00 UTC	CNN	Anderson Cooper 360, CNN Republican Primary Debate
2	3	326	17 Sep 2015 00:00 UTC	FOX-News	The OReilly Factor
2	4	0	17 Sep 2015 00:00 UTC	France	None
2	5	0	17 Sep 2015 00:00 UTC	HLN	None
2	6	309	17 Sep 2015 00:00 UTC	KABC	Eyewitness News 5PM
2	7	0	17 Sep 2015 00:00 UTC	KCAL	None
2	8	0	17 Sep 2015 00:00 UTC	KCBS	None
2	9	0	17 Sep 2015 00:00 UTC	KMEX	None
2	10	0	17 Sep 2015 00:00 UTC	KNBC	None
2	11	0	17 Sep 2015 00:00 UTC	KTTV-FOX	None
2	12	308	17 Sep 2015 00:00 UTC	MSNBC	All In With Chris Hayes
2	13	0	17 Sep 2015 00:00 UTC	Spain	None
2	14	0	17 Sep 2015 00:00 UTC	WEWS	None
2	15	0	17 Sep 2015 00:00 UTC	WKYC	None
2	16	0	17 Sep 2015 00:00 UTC	WUAB	None
2	17	146	17 Sep 2015 00:00 UTC	World	Nightly Business Report
3	1	0	17 Sep 2015 01:00 UTC	AlJazeera	None
3	2	406	17 Sep 2015 01:00 UTC	CNN	CNN Republican Primary Debate
3	3	0	17 Sep 2015 01:00 UTC	FOX-News	None
3	4	0	17 Sep 2015 01:00 UTC	France	None
3	5	0	17 Sep 2015 01:00 UTC	HLN	None
3	6	200	17 Sep 2015 01:00 UTC	KABC	World News Tonight With David Muir
3	7	0	17 Sep 2015 01:00 UTC	KCAL	None
3	8	0	17 Sep 2015 01:00 UTC	KCBS	None
3	9	0	17 Sep 2015 01:00 UTC	KMEX	None
3	10	132	17 Sep 2015 01:00 UTC	KNBC	NBC Nightly News
3	11	0	17 Sep 2015 01:00 UTC	KTTV-FOX	None
3	12	395	17 Sep 2015 01:00 UTC	MSNBC	The Rachel Maddow Show
3	13	0	17 Sep 2015 01:00 UTC	Spain	None
3	14	0	17 Sep 2015 01:00 UTC	WEWS	None
3	15	0	17 Sep 2015 01:00 UTC	WKYC	None
3	16	0	17 Sep 2015 01:00 UTC	WUAB	None
3	17	113	17 Sep 2015 01:00 UTC	World	BBC World News
4	1	0	17 Sep 2015 02:00 UTC	AlJazeera	None
4	2	878	17 Sep 2015 02:00 UTC	CNN	CNN Republican Primary Debate, CNN Tonight
4	3	303	17 Sep 2015 02:00 UTC	FOX-News	Hannity
4	4	0	17 Sep 2015 02:00 UTC	France	None
4	5	0	17 Sep 2015 02:00 UTC	HLN	None
4	6	0	17 Sep 2015 02:00 UTC	KABC	None
4	7	0	17 Sep 2015 02:00 UTC	KCAL	None
4	8	0	17 Sep 2015 02:00 UTC	KCBS	None
4	9	0	17 Sep 2015 02:00 UTC	KMEX	None
4	10	0	17 Sep 2015 02:00 UTC	KNBC	None
4	11	0	17 Sep 2015 02:00 UTC	KTTV-FOX	None
4	12	307	17 Sep 2015 02:00 UTC	MSNBC	The Last Word With Lawrence ODonnell
4	13	0	17 Sep 2015 02:00 UTC	Spain	None
4	14	0	17 Sep 2015 02:00 UTC	WEWS	None
4	15	0	17 Sep 2015 02:00 UTC	WKYC	None
4	16	0	17 Sep 2015 02:00 UTC	WUAB	None
4	17	0	17 Sep 2015 02:00 UTC	World	None
5	1	162	17 Sep 2015 03:00 UTC	AlJazeera	News
5	2	340	17 Sep 2015 03:00 UTC	CNN	CNN Republican Primary Debate Followup
5	3	0	17 Sep 2015 03:00 UTC	FOX-News	None
5	4	0	17 Sep 2015 03:00 UTC	France	None
5	5	0	17 Sep 2015 03:00 UTC	HLN	None
5	6	0	17 Sep 2015 03:00 UTC	KABC	None
5	7	0	17 Sep 2015 03:00 UTC	KCAL	None
5	8	0	17 Sep 2015 03:00 UTC	KCBS	None
5	9	0	17 Sep 2015 03:00 UTC	KMEX	None
5	10	0	17 Sep 2015 03:00 UTC	KNBC	None
5	11	0	17 Sep 2015 03:00 UTC	KTTV-FOX	None
5	12	0	17 Sep 2015 03:00 UTC	MSNBC	None
5	13	0	17 Sep 2015 03:00 UTC	Spain	None
5	14	0	17 Sep 2015 03:00 UTC	WEWS	None
5	15	0	17 Sep 2015 03:00 UTC	WKYC	None
5	16	0	17 Sep 2015 03:00 UTC	WUAB	None
5	17	0	17 Sep 2015 03:00 UTC	World	None
6	1	0	17 Sep 2015 04:00 UTC	AlJazeera	None
6	2	266	17 Sep 2015 04:00 UTC	CNN	CNN Republican Primary Debate Followup
6	3	0	17 Sep 2015 04:00 UTC	FOX-News	None
6	4	0	17 Sep 2015 04:00 UTC	France	None
6	5	0	17 Sep 2015 04:00 UTC	HLN	None
6	6	0	17 Sep 2015 04:00 UTC	KABC	None
6	7	0	17 Sep 2015 04:00 UTC	KCAL	None
6	8	0	17 Sep 2015 04:00 UTC	KCBS	None
6	9	0	17 Sep 2015 04:00 UTC	KMEX	None
6	10	0	17 Sep 2015 04:00 UTC	KNBC	None
6	11	0	17 Sep 2015 04:00 UTC	KTTV-FOX	None
6	12	0	17 Sep 2015 04:00 UTC	MSNBC	None
6	13	0	17 Sep 2015 04:00 UTC	Spain	None
6	14	0	17 Sep 2015 04:00 UTC	WEWS	None
6	15	0	17 Sep 2015 04:00 UTC	WKYC	None
6	16	0	17 Sep 2015 04:00 UTC	WUAB	None
6	17	0	17 Sep 2015 04:00 UTC	World	None
7	1	0	17 Sep 2015 05:00 UTC	AlJazeera	None
7	2	70	17 Sep 2015 05:00 UTC	CNN	CNN Republican Primary Debate Followup
7	3	0	17 Sep 2015 05:00 UTC	FOX-News	None
7	4	0	17 Sep 2015 05:00 UTC	France	None
7	5	0	17 Sep 2015 05:00 UTC	HLN	None
7	6	0	17 Sep 2015 05:00 UTC	KABC	None
7	7	0	17 Sep 2015 05:00 UTC	KCAL	None
7	8	0	17 Sep 2015 05:00 UTC	KCBS	None
7	9	0	17 Sep 2015 05:00 UTC	KMEX	None
7	10	0	17 Sep 2015 05:00 UTC	KNBC	None
7	11	256	17 Sep 2015 05:00 UTC	KTTV-FOX	Ten OClock News
7	12	0	17 Sep 2015 05:00 UTC	MSNBC	None
7	13	0	17 Sep 2015 05:00 UTC	Spain	None
7	14	0	17 Sep 2015 05:00 UTC	WEWS	None
7	15	0	17 Sep 2015 05:00 UTC	WKYC	None
7	16	0	17 Sep 2015 05:00 UTC	WUAB	None
7	17	0	17 Sep 2015 05:00 UTC	World	None
8	1	0	17 Sep 2015 06:00 UTC	AlJazeera	None
8	2	0	17 Sep 2015 06:00 UTC	CNN	None
8	3	0	17 Sep 2015 06:00 UTC	FOX-News	None
8	4	0	17 Sep 2015 06:00 UTC	France	None
8	5	0	17 Sep 2015 06:00 UTC	HLN	None
8	6	0	17 Sep 2015 06:00 UTC	KABC	None
8	7	0	17 Sep 2015 06:00 UTC	KCAL	None
8	8	0	17 Sep 2015 06:00 UTC	KCBS	None
8	9	0	17 Sep 2015 06:00 UTC	KMEX	None
8	10	0	17 Sep 2015 06:00 UTC	KNBC	None
8	11	0	17 Sep 2015 06:00 UTC	KTTV-FOX	None
8	12	0	17 Sep 2015 06:00 UTC	MSNBC	None
8	13	0	17 Sep 2015 06:00 UTC	Spain	None
8	14	0	17 Sep 2015 06:00 UTC	WEWS	None
8	15	0	17 Sep 2015 06:00 UTC	WKYC	None
8	16	0	17 Sep 2015 06:00 UTC	WUAB	None
8	17	0	17 Sep 2015 06:00 UTC	World	None
9	1	0	17 Sep 2015 07:00 UTC	AlJazeera	None
9	2	0	17 Sep 2015 07:00 UTC	CNN	None
9	3	0	17 Sep 2015 07:00 UTC	FOX-News	None
9	4	0	17 Sep 2015 07:00 UTC	France	None
9	5	0	17 Sep 2015 07:00 UTC	HLN	None
9	6	149	17 Sep 2015 07:00 UTC	KABC	Nightline
9	7	0	17 Sep 2015 07:00 UTC	KCAL	None
9	8	0	17 Sep 2015 07:00 UTC	KCBS	None
9	9	0	17 Sep 2015 07:00 UTC	KMEX	None
9	10	0	17 Sep 2015 07:00 UTC	KNBC	None
9	11	0	17 Sep 2015 07:00 UTC	KTTV-FOX	None
9	12	0	17 Sep 2015 07:00 UTC	MSNBC	None
9	13	0	17 Sep 2015 07:00 UTC	Spain	None
9	14	0	17 Sep 2015 07:00 UTC	WEWS	None
9	15	0	17 Sep 2015 07:00 UTC	WKYC	None
9	16	0	17 Sep 2015 07:00 UTC	WUAB	None
9	17	0	17 Sep 2015 07:00 UTC	World	None
10	1	0	17 Sep 2015 08:00 UTC	AlJazeera	None
10	2	0	17 Sep 2015 08:00 UTC	CNN	None
10	3	0	17 Sep 2015 08:00 UTC	FOX-News	None
10	4	0	17 Sep 2015 08:00 UTC	France	None
10	5	0	17 Sep 2015 08:00 UTC	HLN	None
10	6	22	17 Sep 2015 08:00 UTC	KABC	Nightline
10	7	0	17 Sep 2015 08:00 UTC	KCAL	None
10	8	0	17 Sep 2015 08:00 UTC	KCBS	None
10	9	0	17 Sep 2015 08:00 UTC	KMEX	None
10	10	0	17 Sep 2015 08:00 UTC	KNBC	None
10	11	0	17 Sep 2015 08:00 UTC	KTTV-FOX	None
10	12	0	17 Sep 2015 08:00 UTC	MSNBC	None
10	13	0	17 Sep 2015 08:00 UTC	Spain	None
10	14	0	17 Sep 2015 08:00 UTC	WEWS	None
10	15	0	17 Sep 2015 08:00 UTC	WKYC	None
10	16	0	17 Sep 2015 08:00 UTC	WUAB	None
10	17	0	17 Sep 2015 08:00 UTC	World	None
11	1	0	17 Sep 2015 09:00 UTC	AlJazeera	None
11	2	331	17 Sep 2015 09:00 UTC	CNN	Early Start
11	3	0	17 Sep 2015 09:00 UTC	FOX-News	None
11	4	0	17 Sep 2015 09:00 UTC	France	None
11	5	0	17 Sep 2015 09:00 UTC	HLN	None
11	6	0	17 Sep 2015 09:00 UTC	KABC	None
11	7	0	17 Sep 2015 09:00 UTC	KCAL	None
11	8	0	17 Sep 2015 09:00 UTC	KCBS	None
11	9	0	17 Sep 2015 09:00 UTC	KMEX	None
11	10	0	17 Sep 2015 09:00 UTC	KNBC	None
11	11	0	17 Sep 2015 09:00 UTC	KTTV-FOX	None
11	12	0	17 Sep 2015 09:00 UTC	MSNBC	None
11	13	0	17 Sep 2015 09:00 UTC	Spain	None
11	14	0	17 Sep 2015 09:00 UTC	WEWS	None
11	15	0	17 Sep 2015 09:00 UTC	WKYC	None
11	16	0	17 Sep 2015 09:00 UTC	WUAB	None
11	17	0	17 Sep 2015 09:00 UTC	World	None
12	1	0	17 Sep 2015 10:00 UTC	AlJazeera	None
12	2	328	17 Sep 2015 10:00 UTC	CNN	New Day
12	3	360	17 Sep 2015 10:00 UTC	FOX-News	Fox and Friends
12	4	0	17 Sep 2015 10:00 UTC	France	None
12	5	0	17 Sep 2015 10:00 UTC	HLN	None
12	6	0	17 Sep 2015 10:00 UTC	KABC	None
12	7	0	17 Sep 2015 10:00 UTC	KCAL	None
12	8	0	17 Sep 2015 10:00 UTC	KCBS	None
12	9	0	17 Sep 2015 10:00 UTC	KMEX	None
12	10	0	17 Sep 2015 10:00 UTC	KNBC	None
12	11	0	17 Sep 2015 10:00 UTC	KTTV-FOX	None
12	12	0	17 Sep 2015 10:00 UTC	MSNBC	None
12	13	0	17 Sep 2015 10:00 UTC	Spain	None
12	14	0	17 Sep 2015 10:00 UTC	WEWS	None
12	15	0	17 Sep 2015 10:00 UTC	WKYC	None
12	16	0	17 Sep 2015 10:00 UTC	WUAB	None
12	17	0	17 Sep 2015 10:00 UTC	World	None
13	1	0	17 Sep 2015 11:00 UTC	AlJazeera	None
13	2	310	17 Sep 2015 11:00 UTC	CNN	Newsroom
13	3	404	17 Sep 2015 11:00 UTC	FOX-News	Fox and Friends
13	4	0	17 Sep 2015 11:00 UTC	France	None
13	5	0	17 Sep 2015 11:00 UTC	HLN	None
13	6	0	17 Sep 2015 11:00 UTC	KABC	None
13	7	0	17 Sep 2015 11:00 UTC	KCAL	None
13	8	0	17 Sep 2015 11:00 UTC	KCBS	None
13	9	0	17 Sep 2015 11:00 UTC	KMEX	None
13	10	107	17 Sep 2015 11:00 UTC	KNBC	KNBC Early Today
13	11	0	17 Sep 2015 11:00 UTC	KTTV-FOX	None
13	12	0	17 Sep 2015 11:00 UTC	MSNBC	None
13	13	0	17 Sep 2015 11:00 UTC	Spain	None
13	14	0	17 Sep 2015 11:00 UTC	WEWS	None
13	15	0	17 Sep 2015 11:00 UTC	WKYC	None
13	16	0	17 Sep 2015 11:00 UTC	WUAB	None
13	17	0	17 Sep 2015 11:00 UTC	World	None
14	1	0	17 Sep 2015 12:00 UTC	AlJazeera	None
14	2	273	17 Sep 2015 12:00 UTC	CNN	Newsroom
14	3	338	17 Sep 2015 12:00 UTC	FOX-News	Fox and Friends
14	4	0	17 Sep 2015 12:00 UTC	France	None
14	5	0	17 Sep 2015 12:00 UTC	HLN	None
14	6	0	17 Sep 2015 12:00 UTC	KABC	None
14	7	0	17 Sep 2015 12:00 UTC	KCAL	None
14	8	0	17 Sep 2015 12:00 UTC	KCBS	None
14	9	0	17 Sep 2015 12:00 UTC	KMEX	None
14	10	0	17 Sep 2015 12:00 UTC	KNBC	None
14	11	0	17 Sep 2015 12:00 UTC	KTTV-FOX	None
14	12	0	17 Sep 2015 12:00 UTC	MSNBC	None
14	13	0	17 Sep 2015 12:00 UTC	Spain	None
14	14	0	17 Sep 2015 12:00 UTC	WEWS	None
14	15	0	17 Sep 2015 12:00 UTC	WKYC	None
14	16	0	17 Sep 2015 12:00 UTC	WUAB	None
14	17	0	17 Sep 2015 12:00 UTC	World	None
15	1	0	17 Sep 2015 13:00 UTC	AlJazeera	None
15	2	273	17 Sep 2015 13:00 UTC	CNN	Newsroom
15	3	325	17 Sep 2015 13:00 UTC	FOX-News	Americas Newsroom
15	4	0	17 Sep 2015 13:00 UTC	France	None
15	5	287	17 Sep 2015 13:00 UTC	HLN	HLN Morning Express
15	6	0	17 Sep 2015 13:00 UTC	KABC	None
15	7	0	17 Sep 2015 13:00 UTC	KCAL	None
15	8	0	17 Sep 2015 13:00 UTC	KCBS	None
15	9	0	17 Sep 2015 13:00 UTC	KMEX	None
15	10	0	17 Sep 2015 13:00 UTC	KNBC	None
15	11	0	17 Sep 2015 13:00 UTC	KTTV-FOX	None
15	12	254	17 Sep 2015 13:00 UTC	MSNBC	The Rundown with Jose Diaz-Balart
15	13	0	17 Sep 2015 13:00 UTC	Spain	None
15	14	0	17 Sep 2015 13:00 UTC	WEWS	None
15	15	0	17 Sep 2015 13:00 UTC	WKYC	None
15	16	0	17 Sep 2015 13:00 UTC	WUAB	None
15	17	0	17 Sep 2015 13:00 UTC	World	None
16	1	0	17 Sep 2015 14:00 UTC	AlJazeera	None
16	2	295	17 Sep 2015 14:00 UTC	CNN	Newsroom
16	3	448	17 Sep 2015 14:00 UTC	FOX-News	Americas Newsroom
16	4	0	17 Sep 2015 14:00 UTC	France	None
16	5	375	17 Sep 2015 14:00 UTC	HLN	HLN Morning Express
16	6	344	17 Sep 2015 14:00 UTC	KABC	Good Morning America
16	7	0	17 Sep 2015 14:00 UTC	KCAL	None
16	8	301	17 Sep 2015 14:00 UTC	KCBS	This Morning
16	9	0	17 Sep 2015 14:00 UTC	KMEX	None
16	10	239	17 Sep 2015 14:00 UTC	KNBC	Today Show
16	11	0	17 Sep 2015 14:00 UTC	KTTV-FOX	None
16	12	331	17 Sep 2015 14:00 UTC	MSNBC	The Rundown with Jose Diaz-Balart
16	13	0	17 Sep 2015 14:00 UTC	Spain	None
16	14	0	17 Sep 2015 14:00 UTC	WEWS	None
16	15	0	17 Sep 2015 14:00 UTC	WKYC	None
16	16	0	17 Sep 2015 14:00 UTC	WUAB	None
16	17	0	17 Sep 2015 14:00 UTC	World	None
17	1	0	17 Sep 2015 15:00 UTC	AlJazeera	None
17	2	362	17 Sep 2015 15:00 UTC	CNN	This Hour With Berman and Michaela
17	3	291	17 Sep 2015 15:00 UTC	FOX-News	Happening Now
17	4	0	17 Sep 2015 15:00 UTC	France	None
17	5	318	17 Sep 2015 15:00 UTC	HLN	HLN Morning Express
17	6	0	17 Sep 2015 15:00 UTC	KABC	None
17	7	0	17 Sep 2015 15:00 UTC	KCAL	None
17	8	230	17 Sep 2015 15:00 UTC	KCBS	This Morning
17	9	0	17 Sep 2015 15:00 UTC	KMEX	None
17	10	0	17 Sep 2015 15:00 UTC	KNBC	None
17	11	0	17 Sep 2015 15:00 UTC	KTTV-FOX	None
17	12	0	17 Sep 2015 15:00 UTC	MSNBC	None
17	13	0	17 Sep 2015 15:00 UTC	Spain	None
17	14	0	17 Sep 2015 15:00 UTC	WEWS	None
17	15	0	17 Sep 2015 15:00 UTC	WKYC	None
17	16	0	17 Sep 2015 15:00 UTC	WUAB	None
17	17	0	17 Sep 2015 15:00 UTC	World	None
18	1	0	17 Sep 2015 16:00 UTC	AlJazeera	None
18	2	291	17 Sep 2015 16:00 UTC	CNN	Legal View With Ashleigh Banfield
18	3	0	17 Sep 2015 16:00 UTC	FOX-News	None
18	4	0	17 Sep 2015 16:00 UTC	France	None
18	5	244	17 Sep 2015 16:00 UTC	HLN	The Daily Share
18	6	0	17 Sep 2015 16:00 UTC	KABC	None
18	7	0	17 Sep 2015 16:00 UTC	KCAL	None
18	8	0	17 Sep 2015 16:00 UTC	KCBS	None
18	9	0	17 Sep 2015 16:00 UTC	KMEX	None
18	10	134	17 Sep 2015 16:00 UTC	KNBC	Today Show
18	11	0	17 Sep 2015 16:00 UTC	KTTV-FOX	None
18	12	0	17 Sep 2015 16:00 UTC	MSNBC	None
18	13	0	17 Sep 2015 16:00 UTC	Spain	None
18	14	0	17 Sep 2015 16:00 UTC	WEWS	None
18	15	0	17 Sep 2015 16:00 UTC	WKYC	None
18	16	0	17 Sep 2015 16:00 UTC	WUAB	None
18	17	369	17 Sep 2015 16:00 UTC	World	Democracy Now
19	1	0	17 Sep 2015 17:00 UTC	AlJazeera	None
19	2	337	17 Sep 2015 17:00 UTC	CNN	Wolf
19	3	232	17 Sep 2015 17:00 UTC	FOX-News	Happening Now
19	4	0	17 Sep 2015 17:00 UTC	France	None
19	5	0	17 Sep 2015 17:00 UTC	HLN	None
19	6	0	17 Sep 2015 17:00 UTC	KABC	None
19	7	0	17 Sep 2015 17:00 UTC	KCAL	None
19	8	0	17 Sep 2015 17:00 UTC	KCBS	None
19	9	0	17 Sep 2015 17:00 UTC	KMEX	None
19	10	0	17 Sep 2015 17:00 UTC	KNBC	None
19	11	0	17 Sep 2015 17:00 UTC	KTTV-FOX	None
19	12	378	17 Sep 2015 17:00 UTC	MSNBC	MSNBC Live with Thomas Roberts
19	13	0	17 Sep 2015 17:00 UTC	Spain	None
19	14	0	17 Sep 2015 17:00 UTC	WEWS	None
19	15	0	17 Sep 2015 17:00 UTC	WKYC	None
19	16	0	17 Sep 2015 17:00 UTC	WUAB	None
19	17	0	17 Sep 2015 17:00 UTC	World	None
20	1	0	17 Sep 2015 18:00 UTC	AlJazeera	None
20	2	306	17 Sep 2015 18:00 UTC	CNN	Newsroom
20	3	0	17 Sep 2015 18:00 UTC	FOX-News	None
20	4	0	17 Sep 2015 18:00 UTC	France	None
20	5	0	17 Sep 2015 18:00 UTC	HLN	None
20	6	184	17 Sep 2015 18:00 UTC	KABC	Eyewitness News 11AM
20	7	0	17 Sep 2015 18:00 UTC	KCAL	None
20	8	0	17 Sep 2015 18:00 UTC	KCBS	None
20	9	0	17 Sep 2015 18:00 UTC	KMEX	None
20	10	0	17 Sep 2015 18:00 UTC	KNBC	None
20	11	0	17 Sep 2015 18:00 UTC	KTTV-FOX	None
20	12	378	17 Sep 2015 18:00 UTC	MSNBC	MSNBC Live with Thomas Roberts
20	13	0	17 Sep 2015 18:00 UTC	Spain	None
20	14	0	17 Sep 2015 18:00 UTC	WEWS	None
20	15	0	17 Sep 2015 18:00 UTC	WKYC	None
20	16	0	17 Sep 2015 18:00 UTC	WUAB	None
20	17	0	17 Sep 2015 18:00 UTC	World	None
21	1	0	17 Sep 2015 19:00 UTC	AlJazeera	None
21	2	259	17 Sep 2015 19:00 UTC	CNN	Newsroom
21	3	280	17 Sep 2015 19:00 UTC	FOX-News	Shephard Smith Reporting
21	4	0	17 Sep 2015 19:00 UTC	France	None
21	5	0	17 Sep 2015 19:00 UTC	HLN	None
21	6	0	17 Sep 2015 19:00 UTC	KABC	None
21	7	0	17 Sep 2015 19:00 UTC	KCAL	None
21	8	0	17 Sep 2015 19:00 UTC	KCBS	None
21	9	0	17 Sep 2015 19:00 UTC	KMEX	None
21	10	0	17 Sep 2015 19:00 UTC	KNBC	None
21	11	0	17 Sep 2015 19:00 UTC	KTTV-FOX	None
21	12	0	17 Sep 2015 19:00 UTC	MSNBC	None
21	13	0	17 Sep 2015 19:00 UTC	Spain	None
21	14	0	17 Sep 2015 19:00 UTC	WEWS	None
21	15	0	17 Sep 2015 19:00 UTC	WKYC	None
21	16	0	17 Sep 2015 19:00 UTC	WUAB	None
21	17	0	17 Sep 2015 19:00 UTC	World	None
22	1	0	17 Sep 2015 20:00 UTC	AlJazeera	None
22	2	400	17 Sep 2015 20:00 UTC	CNN	The Lead With Jake Tapper
22	3	0	17 Sep 2015 20:00 UTC	FOX-News	None
22	4	0	17 Sep 2015 20:00 UTC	France	None
22	5	0	17 Sep 2015 20:00 UTC	HLN	None
22	6	0	17 Sep 2015 20:00 UTC	KABC	None
22	7	0	17 Sep 2015 20:00 UTC	KCAL	None
22	8	0	17 Sep 2015 20:00 UTC	KCBS	None
22	9	0	17 Sep 2015 20:00 UTC	KMEX	None
22	10	0	17 Sep 2015 20:00 UTC	KNBC	None
22	11	0	17 Sep 2015 20:00 UTC	KTTV-FOX	None
22	12	0	17 Sep 2015 20:00 UTC	MSNBC	None
22	13	0	17 Sep 2015 20:00 UTC	Spain	None
22	14	0	17 Sep 2015 20:00 UTC	WEWS	None
22	15	0	17 Sep 2015 20:00 UTC	WKYC	None
22	16	0	17 Sep 2015 20:00 UTC	WUAB	None
22	17	0	17 Sep 2015 20:00 UTC	World	None
23	1	0	17 Sep 2015 21:00 UTC	AlJazeera	None
23	2	308	17 Sep 2015 21:00 UTC	CNN	Situation Room
23	3	0	17 Sep 2015 21:00 UTC	FOX-News	None
23	4	0	17 Sep 2015 21:00 UTC	France	None
23	5	0	17 Sep 2015 21:00 UTC	HLN	None
23	6	0	17 Sep 2015 21:00 UTC	KABC	None
23	7	0	17 Sep 2015 21:00 UTC	KCAL	None
23	8	0	17 Sep 2015 21:00 UTC	KCBS	None
23	9	0	17 Sep 2015 21:00 UTC	KMEX	None
23	10	186	17 Sep 2015 21:00 UTC	KNBC	Access Hollywood Live
23	11	0	17 Sep 2015 21:00 UTC	KTTV-FOX	None
23	12	357	17 Sep 2015 21:00 UTC	MSNBC	MSNBC Live
23	13	0	17 Sep 2015 21:00 UTC	Spain	None
23	14	250	17 Sep 2015 21:00 UTC	WEWS	Live on 5
23	15	0	17 Sep 2015 21:00 UTC	WKYC	None
23	16	0	17 Sep 2015 21:00 UTC	WUAB	None
23	17	0	17 Sep 2015 21:00 UTC	World	None
24	1	123	17 Sep 2015 22:00 UTC	AlJazeera	TechKnow
24	2	282	17 Sep 2015 22:00 UTC	CNN	Situation Room
24	3	323	17 Sep 2015 22:00 UTC	FOX-News	Special Report with Bret Baier
24	4	0	17 Sep 2015 22:00 UTC	France	None
24	5	0	17 Sep 2015 22:00 UTC	HLN	None
24	6	0	17 Sep 2015 22:00 UTC	KABC	None
24	7	0	17 Sep 2015 22:00 UTC	KCAL	None
24	8	0	17 Sep 2015 22:00 UTC	KCBS	None
24	9	0	17 Sep 2015 22:00 UTC	KMEX	None
24	10	0	17 Sep 2015 22:00 UTC	KNBC	None
24	11	0	17 Sep 2015 22:00 UTC	KTTV-FOX	None
24	12	282	17 Sep 2015 22:00 UTC	MSNBC	Politics Nation With Al Sharpton
24	13	0	17 Sep 2015 22:00 UTC	Spain	None
24	14	0	17 Sep 2015 22:00 UTC	WEWS	None
24	15	0	17 Sep 2015 22:00 UTC	WKYC	None
24	16	0	17 Sep 2015 22:00 UTC	WUAB	None
24	17	0	17 Sep 2015 22:00 UTC	World	None
25	1	0	17 Sep 2015 23:00 UTC	AlJazeera	None
25	2	308	17 Sep 2015 23:00 UTC	CNN	Erin Burnett Out Front
25	3	322	17 Sep 2015 23:00 UTC	FOX-News	On the Record with Greta Van Susteren
25	4	0	17 Sep 2015 23:00 UTC	France	None
25	5	0	17 Sep 2015 23:00 UTC	HLN	None
25	6	0	17 Sep 2015 23:00 UTC	KABC	None
25	7	228	17 Sep 2015 23:00 UTC	KCAL	KCAL 9 News at 4PM
25	8	0	17 Sep 2015 23:00 UTC	KCBS	None
25	9	0	17 Sep 2015 23:00 UTC	KMEX	None
25	10	0	17 Sep 2015 23:00 UTC	KNBC	None
25	11	0	17 Sep 2015 23:00 UTC	KTTV-FOX	None
25	12	390	17 Sep 2015 23:00 UTC	MSNBC	Hardball with Chris Matthews
25	13	0	17 Sep 2015 23:00 UTC	Spain	None
25	14	0	17 Sep 2015 23:00 UTC	WEWS	None
25	15	0	17 Sep 2015 23:00 UTC	WKYC	None
25	16	0	17 Sep 2015 23:00 UTC	WUAB	None
25	17	209	17 Sep 2015 23:00 UTC	World	Deutsche Welle Journal
26	1	0	18 Sep 2015 00:00 UTC	AlJazeera	None
26	2	278	18 Sep 2015 00:00 UTC	CNN	Anderson Cooper 360
26	3	267	18 Sep 2015 00:00 UTC	FOX-News	The OReilly Factor
26	4	0	18 Sep 2015 00:00 UTC	France	None
26	5	0	18 Sep 2015 00:00 UTC	HLN	None
26	6	0	18 Sep 2015 00:00 UTC	KABC	None
26	7	0	18 Sep 2015 00:00 UTC	KCAL	None
26	8	0	18 Sep 2015 00:00 UTC	KCBS	None
26	9	0	18 Sep 2015 00:00 UTC	KMEX	None
26	10	0	18 Sep 2015 00:00 UTC	KNBC	None
26	11	0	18 Sep 2015 00:00 UTC	KTTV-FOX	None
26	12	277	18 Sep 2015 00:00 UTC	MSNBC	All In With Chris Hayes
26	13	0	18 Sep 2015 00:00 UTC	Spain	None
26	14	0	18 Sep 2015 00:00 UTC	WEWS	None
26	15	0	18 Sep 2015 00:00 UTC	WKYC	None
26	16	0	18 Sep 2015 00:00 UTC	WUAB	None
26	17	158	18 Sep 2015 00:00 UTC	World	BBC World News America
27	1	0	18 Sep 2015 01:00 UTC	AlJazeera	None
27	2	0	18 Sep 2015 01:00 UTC	CNN	None
27	3	357	18 Sep 2015 01:00 UTC	FOX-News	The Kelly File
27	4	0	18 Sep 2015 01:00 UTC	France	None
27	5	125	18 Sep 2015 01:00 UTC	HLN	HLN Dr Drew
27	6	201	18 Sep 2015 01:00 UTC	KABC	World News Tonight With David Muir
27	7	0	18 Sep 2015 01:00 UTC	KCAL	None
27	8	0	18 Sep 2015 01:00 UTC	KCBS	None
27	9	0	18 Sep 2015 01:00 UTC	KMEX	None
27	10	199	18 Sep 2015 01:00 UTC	KNBC	NBC Nightly News
27	11	0	18 Sep 2015 01:00 UTC	KTTV-FOX	None
27	12	374	18 Sep 2015 01:00 UTC	MSNBC	The Rachel Maddow Show
27	13	0	18 Sep 2015 01:00 UTC	Spain	None
27	14	0	18 Sep 2015 01:00 UTC	WEWS	None
27	15	0	18 Sep 2015 01:00 UTC	WKYC	None
27	16	0	18 Sep 2015 01:00 UTC	WUAB	None
27	17	0	18 Sep 2015 01:00 UTC	World	None
28	1	0	18 Sep 2015 02:00 UTC	AlJazeera	None
28	2	0	18 Sep 2015 02:00 UTC	CNN	None
28	3	289	18 Sep 2015 02:00 UTC	FOX-News	Hannity
28	4	0	18 Sep 2015 02:00 UTC	France	None
28	5	0	18 Sep 2015 02:00 UTC	HLN	None
28	6	0	18 Sep 2015 02:00 UTC	KABC	None
28	7	0	18 Sep 2015 02:00 UTC	KCAL	None
28	8	0	18 Sep 2015 02:00 UTC	KCBS	None
28	9	0	18 Sep 2015 02:00 UTC	KMEX	None
28	10	213	18 Sep 2015 02:00 UTC	KNBC	EXTRA, Access Hollywood
28	11	0	18 Sep 2015 02:00 UTC	KTTV-FOX	None
28	12	301	18 Sep 2015 02:00 UTC	MSNBC	The Last Word With Lawrence ODonnell
28	13	0	18 Sep 2015 02:00 UTC	Spain	None
28	14	0	18 Sep 2015 02:00 UTC	WEWS	None
28	15	0	18 Sep 2015 02:00 UTC	WKYC	None
28	16	248	18 Sep 2015 02:00 UTC	WUAB	Cleveland 19 News On 43
28	17	0	18 Sep 2015 02:00 UTC	World	None
29	1	119	18 Sep 2015 03:00 UTC	AlJazeera	Inside Story
29	2	0	18 Sep 2015 03:00 UTC	CNN	None
29	3	0	18 Sep 2015 03:00 UTC	FOX-News	None
29	4	0	18 Sep 2015 03:00 UTC	France	None
29	5	0	18 Sep 2015 03:00 UTC	HLN	None
29	6	0	18 Sep 2015 03:00 UTC	KABC	None
29	7	0	18 Sep 2015 03:00 UTC	KCAL	None
29	8	0	18 Sep 2015 03:00 UTC	KCBS	None
29	9	0	18 Sep 2015 03:00 UTC	KMEX	None
29	10	0	18 Sep 2015 03:00 UTC	KNBC	None
29	11	0	18 Sep 2015 03:00 UTC	KTTV-FOX	None
29	12	0	18 Sep 2015 03:00 UTC	MSNBC	None
29	13	0	18 Sep 2015 03:00 UTC	Spain	None
29	14	0	18 Sep 2015 03:00 UTC	WEWS	None
29	15	127	18 Sep 2015 03:00 UTC	WKYC	Channel 3 News at 11
29	16	0	18 Sep 2015 03:00 UTC	WUAB	None
29	17	0	18 Sep 2015 03:00 UTC	World	None
30	1	0	18 Sep 2015 04:00 UTC	AlJazeera	None
30	2	0	18 Sep 2015 04:00 UTC	CNN	None
30	3	0	18 Sep 2015 04:00 UTC	FOX-News	None
30	4	0	18 Sep 2015 04:00 UTC	France	None
30	5	0	18 Sep 2015 04:00 UTC	HLN	None
30	6	0	18 Sep 2015 04:00 UTC	KABC	None
30	7	0	18 Sep 2015 04:00 UTC	KCAL	None
30	8	0	18 Sep 2015 04:00 UTC	KCBS	None
30	9	0	18 Sep 2015 04:00 UTC	KMEX	None
30	10	0	18 Sep 2015 04:00 UTC	KNBC	None
30	11	0	18 Sep 2015 04:00 UTC	KTTV-FOX	None
30	12	0	18 Sep 2015 04:00 UTC	MSNBC	None
30	13	0	18 Sep 2015 04:00 UTC	Spain	None
30	14	0	18 Sep 2015 04:00 UTC	WEWS	None
30	15	0	18 Sep 2015 04:00 UTC	WKYC	None
30	16	0	18 Sep 2015 04:00 UTC	WUAB	None
30	17	0	18 Sep 2015 04:00 UTC	World	None
31	1	0	18 Sep 2015 05:00 UTC	AlJazeera	None
31	2	0	18 Sep 2015 05:00 UTC	CNN	None
31	3	0	18 Sep 2015 05:00 UTC	FOX-News	None
31	4	0	18 Sep 2015 05:00 UTC	France	None
31	5	0	18 Sep 2015 05:00 UTC	HLN	None
31	6	0	18 Sep 2015 05:00 UTC	KABC	None
31	7	0	18 Sep 2015 05:00 UTC	KCAL	None
31	8	0	18 Sep 2015 05:00 UTC	KCBS	None
31	9	0	18 Sep 2015 05:00 UTC	KMEX	None
31	10	0	18 Sep 2015 05:00 UTC	KNBC	None
31	11	0	18 Sep 2015 05:00 UTC	KTTV-FOX	None
31	12	0	18 Sep 2015 05:00 UTC	MSNBC	None
31	13	0	18 Sep 2015 05:00 UTC	Spain	None
31	14	0	18 Sep 2015 05:00 UTC	WEWS	None
31	15	0	18 Sep 2015 05:00 UTC	WKYC	None
31	16	0	18 Sep 2015 05:00 UTC	WUAB	None
31	17	0	18 Sep 2015 05:00 UTC	World	None
32	1	0	18 Sep 2015 06:00 UTC	AlJazeera	None
32	2	0	18 Sep 2015 06:00 UTC	CNN	None
32	3	0	18 Sep 2015 06:00 UTC	FOX-News	None
32	4	0	18 Sep 2015 06:00 UTC	France	None
32	5	0	18 Sep 2015 06:00 UTC	HLN	None
32	6	0	18 Sep 2015 06:00 UTC	KABC	None
32	7	0	18 Sep 2015 06:00 UTC	KCAL	None
32	8	0	18 Sep 2015 06:00 UTC	KCBS	None
32	9	0	18 Sep 2015 06:00 UTC	KMEX	None
32	10	0	18 Sep 2015 06:00 UTC	KNBC	None
32	11	0	18 Sep 2015 06:00 UTC	KTTV-FOX	None
32	12	0	18 Sep 2015 06:00 UTC	MSNBC	None
32	13	0	18 Sep 2015 06:00 UTC	Spain	None
32	14	0	18 Sep 2015 06:00 UTC	WEWS	None
32	15	0	18 Sep 2015 06:00 UTC	WKYC	None
32	16	0	18 Sep 2015 06:00 UTC	WUAB	None
32	17	0	18 Sep 2015 06:00 UTC	World	None
33	1	0	18 Sep 2015 07:00 UTC	AlJazeera	None
33	2	0	18 Sep 2015 07:00 UTC	CNN	None
33	3	0	18 Sep 2015 07:00 UTC	FOX-News	None
33	4	0	18 Sep 2015 07:00 UTC	France	None
33	5	0	18 Sep 2015 07:00 UTC	HLN	None
33	6	0	18 Sep 2015 07:00 UTC	KABC	None
33	7	0	18 Sep 2015 07:00 UTC	KCAL	None
33	8	0	18 Sep 2015 07:00 UTC	KCBS	None
33	9	0	18 Sep 2015 07:00 UTC	KMEX	None
33	10	0	18 Sep 2015 07:00 UTC	KNBC	None
33	11	0	18 Sep 2015 07:00 UTC	KTTV-FOX	None
33	12	0	18 Sep 2015 07:00 UTC	MSNBC	None
33	13	0	18 Sep 2015 07:00 UTC	Spain	None
33	14	0	18 Sep 2015 07:00 UTC	WEWS	None
33	15	0	18 Sep 2015 07:00 UTC	WKYC	None
33	16	0	18 Sep 2015 07:00 UTC	WUAB	None
33	17	0	18 Sep 2015 07:00 UTC	World	None
34	1	0	18 Sep 2015 08:00 UTC	AlJazeera	None
34	2	0	18 Sep 2015 08:00 UTC	CNN	None
34	3	0	18 Sep 2015 08:00 UTC	FOX-News	None
34	4	0	18 Sep 2015 08:00 UTC	France	None
34	5	0	18 Sep 2015 08:00 UTC	HLN	None
34	6	0	18 Sep 2015 08:00 UTC	KABC	None
34	7	0	18 Sep 2015 08:00 UTC	KCAL	None
34	8	0	18 Sep 2015 08:00 UTC	KCBS	None
34	9	0	18 Sep 2015 08:00 UTC	KMEX	None
34	10	0	18 Sep 2015 08:00 UTC	KNBC	None
34	11	0	18 Sep 2015 08:00 UTC	KTTV-FOX	None
34	12	0	18 Sep 2015 08:00 UTC	MSNBC	None
34	13	0	18 Sep 2015 08:00 UTC	Spain	None
34	14	0	18 Sep 2015 08:00 UTC	WEWS	None
34	15	0	18 Sep 2015 08:00 UTC	WKYC	None
34	16	0	18 Sep 2015 08:00 UTC	WUAB	None
34	17	0	18 Sep 2015 08:00 UTC	World	None
35	1	0	18 Sep 2015 09:00 UTC	AlJazeera	None
35	2	407	18 Sep 2015 09:00 UTC	CNN	Early Start
35	3	0	18 Sep 2015 09:00 UTC	FOX-News	None
35	4	0	18 Sep 2015 09:00 UTC	France	None
35	5	0	18 Sep 2015 09:00 UTC	HLN	None
35	6	0	18 Sep 2015 09:00 UTC	KABC	None
35	7	0	18 Sep 2015 09:00 UTC	KCAL	None
35	8	0	18 Sep 2015 09:00 UTC	KCBS	None
35	9	0	18 Sep 2015 09:00 UTC	KMEX	None
35	10	0	18 Sep 2015 09:00 UTC	KNBC	None
35	11	0	18 Sep 2015 09:00 UTC	KTTV-FOX	None
35	12	0	18 Sep 2015 09:00 UTC	MSNBC	None
35	13	0	18 Sep 2015 09:00 UTC	Spain	None
35	14	0	18 Sep 2015 09:00 UTC	WEWS	None
35	15	0	18 Sep 2015 09:00 UTC	WKYC	None
35	16	0	18 Sep 2015 09:00 UTC	WUAB	None
35	17	0	18 Sep 2015 09:00 UTC	World	None
36	1	0	18 Sep 2015 10:00 UTC	AlJazeera	None
36	2	393	18 Sep 2015 10:00 UTC	CNN	New Day
36	3	0	18 Sep 2015 10:00 UTC	FOX-News	None
36	4	0	18 Sep 2015 10:00 UTC	France	None
36	5	0	18 Sep 2015 10:00 UTC	HLN	None
36	6	0	18 Sep 2015 10:00 UTC	KABC	None
36	7	0	18 Sep 2015 10:00 UTC	KCAL	None
36	8	0	18 Sep 2015 10:00 UTC	KCBS	None
36	9	0	18 Sep 2015 10:00 UTC	KMEX	None
36	10	0	18 Sep 2015 10:00 UTC	KNBC	None
36	11	0	18 Sep 2015 10:00 UTC	KTTV-FOX	None
36	12	0	18 Sep 2015 10:00 UTC	MSNBC	None
36	13	0	18 Sep 2015 10:00 UTC	Spain	None
36	14	0	18 Sep 2015 10:00 UTC	WEWS	None
36	15	0	18 Sep 2015 10:00 UTC	WKYC	None
36	16	0	18 Sep 2015 10:00 UTC	WUAB	None
36	17	0	18 Sep 2015 10:00 UTC	World	None
37	1	0	18 Sep 2015 11:00 UTC	AlJazeera	None
37	2	288	18 Sep 2015 11:00 UTC	CNN	New Day
37	3	281	18 Sep 2015 11:00 UTC	FOX-News	Fox and Friends
37	4	0	18 Sep 2015 11:00 UTC	France	None
37	5	0	18 Sep 2015 11:00 UTC	HLN	None
37	6	0	18 Sep 2015 11:00 UTC	KABC	None
37	7	0	18 Sep 2015 11:00 UTC	KCAL	None
37	8	0	18 Sep 2015 11:00 UTC	KCBS	None
37	9	0	18 Sep 2015 11:00 UTC	KMEX	None
37	10	0	18 Sep 2015 11:00 UTC	KNBC	None
37	11	0	18 Sep 2015 11:00 UTC	KTTV-FOX	None
37	12	0	18 Sep 2015 11:00 UTC	MSNBC	None
37	13	0	18 Sep 2015 11:00 UTC	Spain	None
37	14	0	18 Sep 2015 11:00 UTC	WEWS	None
37	15	0	18 Sep 2015 11:00 UTC	WKYC	None
37	16	0	18 Sep 2015 11:00 UTC	WUAB	None
37	17	0	18 Sep 2015 11:00 UTC	World	None
38	1	0	18 Sep 2015 12:00 UTC	AlJazeera	None
38	2	233	18 Sep 2015 12:00 UTC	CNN	New Day
38	3	252	18 Sep 2015 12:00 UTC	FOX-News	Fox and Friends
38	4	0	18 Sep 2015 12:00 UTC	France	None
38	5	0	18 Sep 2015 12:00 UTC	HLN	None
38	6	0	18 Sep 2015 12:00 UTC	KABC	None
38	7	0	18 Sep 2015 12:00 UTC	KCAL	None
38	8	0	18 Sep 2015 12:00 UTC	KCBS	None
38	9	0	18 Sep 2015 12:00 UTC	KMEX	None
38	10	0	18 Sep 2015 12:00 UTC	KNBC	None
38	11	0	18 Sep 2015 12:00 UTC	KTTV-FOX	None
38	12	0	18 Sep 2015 12:00 UTC	MSNBC	None
38	13	0	18 Sep 2015 12:00 UTC	Spain	None
38	14	0	18 Sep 2015 12:00 UTC	WEWS	None
38	15	0	18 Sep 2015 12:00 UTC	WKYC	None
38	16	0	18 Sep 2015 12:00 UTC	WUAB	None
38	17	0	18 Sep 2015 12:00 UTC	World	None
39	1	0	18 Sep 2015 13:00 UTC	AlJazeera	None
39	2	278	18 Sep 2015 13:00 UTC	CNN	Newsroom
39	3	285	18 Sep 2015 13:00 UTC	FOX-News	Americas Newsroom
39	4	0	18 Sep 2015 13:00 UTC	France	None
39	5	0	18 Sep 2015 13:00 UTC	HLN	None
39	6	0	18 Sep 2015 13:00 UTC	KABC	None
39	7	0	18 Sep 2015 13:00 UTC	KCAL	None
39	8	0	18 Sep 2015 13:00 UTC	KCBS	None
39	9	0	18 Sep 2015 13:00 UTC	KMEX	None
39	10	0	18 Sep 2015 13:00 UTC	KNBC	None
39	11	0	18 Sep 2015 13:00 UTC	KTTV-FOX	None
39	12	0	18 Sep 2015 13:00 UTC	MSNBC	None
39	13	0	18 Sep 2015 13:00 UTC	Spain	None
39	14	0	18 Sep 2015 13:00 UTC	WEWS	None
39	15	0	18 Sep 2015 13:00 UTC	WKYC	None
39	16	0	18 Sep 2015 13:00 UTC	WUAB	None
39	17	0	18 Sep 2015 13:00 UTC	World	None
40	1	0	18 Sep 2015 14:00 UTC	AlJazeera	None
40	2	0	18 Sep 2015 14:00 UTC	CNN	None
40	3	447	18 Sep 2015 14:00 UTC	FOX-News	Americas Newsroom
40	4	0	18 Sep 2015 14:00 UTC	France	None
40	5	0	18 Sep 2015 14:00 UTC	HLN	None
40	6	272	18 Sep 2015 14:00 UTC	KABC	Good Morning America
40	7	0	18 Sep 2015 14:00 UTC	KCAL	None
40	8	0	18 Sep 2015 14:00 UTC	KCBS	None
40	9	0	18 Sep 2015 14:00 UTC	KMEX	None
40	10	263	18 Sep 2015 14:00 UTC	KNBC	Today Show
40	11	0	18 Sep 2015 14:00 UTC	KTTV-FOX	None
40	12	0	18 Sep 2015 14:00 UTC	MSNBC	None
40	13	0	18 Sep 2015 14:00 UTC	Spain	None
40	14	0	18 Sep 2015 14:00 UTC	WEWS	None
40	15	0	18 Sep 2015 14:00 UTC	WKYC	None
40	16	0	18 Sep 2015 14:00 UTC	WUAB	None
40	17	0	18 Sep 2015 14:00 UTC	World	None
41	1	0	18 Sep 2015 15:00 UTC	AlJazeera	None
41	2	0	18 Sep 2015 15:00 UTC	CNN	None
41	3	433	18 Sep 2015 15:00 UTC	FOX-News	Happening Now
41	4	0	18 Sep 2015 15:00 UTC	France	None
41	5	0	18 Sep 2015 15:00 UTC	HLN	None
41	6	0	18 Sep 2015 15:00 UTC	KABC	None
41	7	0	18 Sep 2015 15:00 UTC	KCAL	None
41	8	0	18 Sep 2015 15:00 UTC	KCBS	None
41	9	0	18 Sep 2015 15:00 UTC	KMEX	None
41	10	0	18 Sep 2015 15:00 UTC	KNBC	None
41	11	0	18 Sep 2015 15:00 UTC	KTTV-FOX	None
41	12	0	18 Sep 2015 15:00 UTC	MSNBC	None
41	13	0	18 Sep 2015 15:00 UTC	Spain	None
41	14	0	18 Sep 2015 15:00 UTC	WEWS	None
41	15	0	18 Sep 2015 15:00 UTC	WKYC	None
41	16	0	18 Sep 2015 15:00 UTC	WUAB	None
41	17	0	18 Sep 2015 15:00 UTC	World	None
42	1	0	18 Sep 2015 16:00 UTC	AlJazeera	None
42	2	0	18 Sep 2015 16:00 UTC	CNN	None
42	3	0	18 Sep 2015 16:00 UTC	FOX-News	None
42	4	0	18 Sep 2015 16:00 UTC	France	None
42	5	0	18 Sep 2015 16:00 UTC	HLN	None
42	6	0	18 Sep 2015 16:00 UTC	KABC	None
42	7	0	18 Sep 2015 16:00 UTC	KCAL	None
42	8	0	18 Sep 2015 16:00 UTC	KCBS	None
42	9	0	18 Sep 2015 16:00 UTC	KMEX	None
42	10	0	18 Sep 2015 16:00 UTC	KNBC	None
42	11	0	18 Sep 2015 16:00 UTC	KTTV-FOX	None
42	12	0	18 Sep 2015 16:00 UTC	MSNBC	None
42	13	0	18 Sep 2015 16:00 UTC	Spain	None
42	14	0	18 Sep 2015 16:00 UTC	WEWS	None
42	15	0	18 Sep 2015 16:00 UTC	WKYC	None
42	16	0	18 Sep 2015 16:00 UTC	WUAB	None
42	17	0	18 Sep 2015 16:00 UTC	World	None
43	1	0	18 Sep 2015 17:00 UTC	AlJazeera	None
43	2	319	18 Sep 2015 17:00 UTC	CNN	Wolf
43	3	210	18 Sep 2015 17:00 UTC	FOX-News	Happening Now
43	4	0	18 Sep 2015 17:00 UTC	France	None
43	5	0	18 Sep 2015 17:00 UTC	HLN	None
43	6	0	18 Sep 2015 17:00 UTC	KABC	None
43	7	0	18 Sep 2015 17:00 UTC	KCAL	None
43	8	0	18 Sep 2015 17:00 UTC	KCBS	None
43	9	0	18 Sep 2015 17:00 UTC	KMEX	None
43	10	0	18 Sep 2015 17:00 UTC	KNBC	None
43	11	0	18 Sep 2015 17:00 UTC	KTTV-FOX	None
43	12	402	18 Sep 2015 17:00 UTC	MSNBC	MSNBC Live with Thomas Roberts
43	13	0	18 Sep 2015 17:00 UTC	Spain	None
43	14	0	18 Sep 2015 17:00 UTC	WEWS	None
43	15	0	18 Sep 2015 17:00 UTC	WKYC	None
43	16	0	18 Sep 2015 17:00 UTC	WUAB	None
43	17	0	18 Sep 2015 17:00 UTC	World	None
44	1	0	18 Sep 2015 18:00 UTC	AlJazeera	None
44	2	271	18 Sep 2015 18:00 UTC	CNN	Newsroom
44	3	0	18 Sep 2015 18:00 UTC	FOX-News	None
44	4	0	18 Sep 2015 18:00 UTC	France	None
44	5	0	18 Sep 2015 18:00 UTC	HLN	None
44	6	0	18 Sep 2015 18:00 UTC	KABC	None
44	7	0	18 Sep 2015 18:00 UTC	KCAL	None
44	8	0	18 Sep 2015 18:00 UTC	KCBS	None
44	9	0	18 Sep 2015 18:00 UTC	KMEX	None
44	10	0	18 Sep 2015 18:00 UTC	KNBC	None
44	11	0	18 Sep 2015 18:00 UTC	KTTV-FOX	None
44	12	375	18 Sep 2015 18:00 UTC	MSNBC	MSNBC Live with Thomas Roberts
44	13	0	18 Sep 2015 18:00 UTC	Spain	None
44	14	0	18 Sep 2015 18:00 UTC	WEWS	None
44	15	0	18 Sep 2015 18:00 UTC	WKYC	None
44	16	0	18 Sep 2015 18:00 UTC	WUAB	None
44	17	0	18 Sep 2015 18:00 UTC	World	None
45	1	0	18 Sep 2015 19:00 UTC	AlJazeera	None
45	2	0	18 Sep 2015 19:00 UTC	CNN	None
45	3	328	18 Sep 2015 19:00 UTC	FOX-News	Shephard Smith Reporting
45	4	0	18 Sep 2015 19:00 UTC	France	None
45	5	0	18 Sep 2015 19:00 UTC	HLN	None
45	6	0	18 Sep 2015 19:00 UTC	KABC	None
45	7	0	18 Sep 2015 19:00 UTC	KCAL	None
45	8	0	18 Sep 2015 19:00 UTC	KCBS	None
45	9	0	18 Sep 2015 19:00 UTC	KMEX	None
45	10	0	18 Sep 2015 19:00 UTC	KNBC	None
45	11	0	18 Sep 2015 19:00 UTC	KTTV-FOX	None
45	12	0	18 Sep 2015 19:00 UTC	MSNBC	None
45	13	0	18 Sep 2015 19:00 UTC	Spain	None
45	14	0	18 Sep 2015 19:00 UTC	WEWS	None
45	15	0	18 Sep 2015 19:00 UTC	WKYC	None
45	16	0	18 Sep 2015 19:00 UTC	WUAB	None
45	17	0	18 Sep 2015 19:00 UTC	World	None
46	1	0	18 Sep 2015 20:00 UTC	AlJazeera	None
46	2	361	18 Sep 2015 20:00 UTC	CNN	The Lead With Jake Tapper
46	3	0	18 Sep 2015 20:00 UTC	FOX-News	None
46	4	0	18 Sep 2015 20:00 UTC	France	None
46	5	0	18 Sep 2015 20:00 UTC	HLN	None
46	6	0	18 Sep 2015 20:00 UTC	KABC	None
46	7	0	18 Sep 2015 20:00 UTC	KCAL	None
46	8	0	18 Sep 2015 20:00 UTC	KCBS	None
46	9	0	18 Sep 2015 20:00 UTC	KMEX	None
46	10	0	18 Sep 2015 20:00 UTC	KNBC	None
46	11	0	18 Sep 2015 20:00 UTC	KTTV-FOX	None
46	12	0	18 Sep 2015 20:00 UTC	MSNBC	None
46	13	0	18 Sep 2015 20:00 UTC	Spain	None
46	14	0	18 Sep 2015 20:00 UTC	WEWS	None
46	15	0	18 Sep 2015 20:00 UTC	WKYC	None
46	16	0	18 Sep 2015 20:00 UTC	WUAB	None
46	17	0	18 Sep 2015 20:00 UTC	World	None
47	1	0	18 Sep 2015 21:00 UTC	AlJazeera	None
47	2	354	18 Sep 2015 21:00 UTC	CNN	Situation Room
47	3	0	18 Sep 2015 21:00 UTC	FOX-News	None
47	4	0	18 Sep 2015 21:00 UTC	France	None
47	5	0	18 Sep 2015 21:00 UTC	HLN	None
47	6	0	18 Sep 2015 21:00 UTC	KABC	None
47	7	0	18 Sep 2015 21:00 UTC	KCAL	None
47	8	0	18 Sep 2015 21:00 UTC	KCBS	None
47	9	0	18 Sep 2015 21:00 UTC	KMEX	None
47	10	0	18 Sep 2015 21:00 UTC	KNBC	None
47	11	0	18 Sep 2015 21:00 UTC	KTTV-FOX	None
47	12	354	18 Sep 2015 21:00 UTC	MSNBC	MSNBC Live
47	13	0	18 Sep 2015 21:00 UTC	Spain	None
47	14	0	18 Sep 2015 21:00 UTC	WEWS	None
47	15	0	18 Sep 2015 21:00 UTC	WKYC	None
47	16	0	18 Sep 2015 21:00 UTC	WUAB	None
47	17	0	18 Sep 2015 21:00 UTC	World	None
48	1	0	18 Sep 2015 22:00 UTC	AlJazeera	None
48	2	375	18 Sep 2015 22:00 UTC	CNN	Situation Room
48	3	394	18 Sep 2015 22:00 UTC	FOX-News	Special Report with Bret Baier
48	4	0	18 Sep 2015 22:00 UTC	France	None
48	5	0	18 Sep 2015 22:00 UTC	HLN	None
48	6	0	18 Sep 2015 22:00 UTC	KABC	None
48	7	0	18 Sep 2015 22:00 UTC	KCAL	None
48	8	0	18 Sep 2015 22:00 UTC	KCBS	None
48	9	0	18 Sep 2015 22:00 UTC	KMEX	None
48	10	0	18 Sep 2015 22:00 UTC	KNBC	None
48	11	0	18 Sep 2015 22:00 UTC	KTTV-FOX	None
48	12	308	18 Sep 2015 22:00 UTC	MSNBC	Politics Nation With Al Sharpton
48	13	0	18 Sep 2015 22:00 UTC	Spain	None
48	14	0	18 Sep 2015 22:00 UTC	WEWS	None
48	15	0	18 Sep 2015 22:00 UTC	WKYC	None
48	16	0	18 Sep 2015 22:00 UTC	WUAB	None
48	17	0	18 Sep 2015 22:00 UTC	World	None
49	1	0	18 Sep 2015 23:00 UTC	AlJazeera	None
49	2	340	18 Sep 2015 23:00 UTC	CNN	Erin Burnett Out Front
49	3	365	18 Sep 2015 23:00 UTC	FOX-News	On the Record with Greta Van Susteren
49	4	0	18 Sep 2015 23:00 UTC	France	None
49	5	0	18 Sep 2015 23:00 UTC	HLN	None
49	6	0	18 Sep 2015 23:00 UTC	KABC	None
49	7	0	18 Sep 2015 23:00 UTC	KCAL	None
49	8	0	18 Sep 2015 23:00 UTC	KCBS	None
49	9	0	18 Sep 2015 23:00 UTC	KMEX	None
49	10	0	18 Sep 2015 23:00 UTC	KNBC	None
49	11	0	18 Sep 2015 23:00 UTC	KTTV-FOX	None
49	12	318	18 Sep 2015 23:00 UTC	MSNBC	Hardball with Chris Matthews
49	13	0	18 Sep 2015 23:00 UTC	Spain	None
49	14	0	18 Sep 2015 23:00 UTC	WEWS	None
49	15	0	18 Sep 2015 23:00 UTC	WKYC	None
49	16	0	18 Sep 2015 23:00 UTC	WUAB	None
49	17	0	18 Sep 2015 23:00 UTC	World	None
50	1	0	19 Sep 2015 00:00 UTC	AlJazeera	None
50	2	296	19 Sep 2015 00:00 UTC	CNN	Anderson Cooper 360
50	3	312	19 Sep 2015 00:00 UTC	FOX-News	The OReilly Factor
50	4	0	19 Sep 2015 00:00 UTC	France	None
50	5	0	19 Sep 2015 00:00 UTC	HLN	None
50	6	0	19 Sep 2015 00:00 UTC	KABC	None
50	7	0	19 Sep 2015 00:00 UTC	KCAL	None
50	8	0	19 Sep 2015 00:00 UTC	KCBS	None
50	9	0	19 Sep 2015 00:00 UTC	KMEX	None
50	10	0	19 Sep 2015 00:00 UTC	KNBC	None
50	11	0	19 Sep 2015 00:00 UTC	KTTV-FOX	None
50	12	0	19 Sep 2015 00:00 UTC	MSNBC	None
50	13	0	19 Sep 2015 00:00 UTC	Spain	None
50	14	0	19 Sep 2015 00:00 UTC	WEWS	None
50	15	0	19 Sep 2015 00:00 UTC	WKYC	None
50	16	0	19 Sep 2015 00:00 UTC	WUAB	None
50	17	0	19 Sep 2015 00:00 UTC	World	None
51	1	0	19 Sep 2015 01:00 UTC	AlJazeera	None
51	2	0	19 Sep 2015 01:00 UTC	CNN	None
51	3	231	19 Sep 2015 01:00 UTC	FOX-News	The Kelly File
51	4	0	19 Sep 2015 01:00 UTC	France	None
51	5	0	19 Sep 2015 01:00 UTC	HLN	None
51	6	0	19 Sep 2015 01:00 UTC	KABC	None
51	7	0	19 Sep 2015 01:00 UTC	KCAL	None
51	8	0	19 Sep 2015 01:00 UTC	KCBS	None
51	9	0	19 Sep 2015 01:00 UTC	KMEX	None
51	10	0	19 Sep 2015 01:00 UTC	KNBC	None
51	11	0	19 Sep 2015 01:00 UTC	KTTV-FOX	None
51	12	449	19 Sep 2015 01:00 UTC	MSNBC	The Rachel Maddow Show
51	13	0	19 Sep 2015 01:00 UTC	Spain	None
51	14	0	19 Sep 2015 01:00 UTC	WEWS	None
51	15	0	19 Sep 2015 01:00 UTC	WKYC	None
51	16	0	19 Sep 2015 01:00 UTC	WUAB	None
51	17	0	19 Sep 2015 01:00 UTC	World	None
52	1	0	19 Sep 2015 02:00 UTC	AlJazeera	None
52	2	0	19 Sep 2015 02:00 UTC	CNN	None
52	3	289	19 Sep 2015 02:00 UTC	FOX-News	Hannity
52	4	0	19 Sep 2015 02:00 UTC	France	None
52	5	0	19 Sep 2015 02:00 UTC	HLN	None
52	6	0	19 Sep 2015 02:00 UTC	KABC	None
52	7	0	19 Sep 2015 02:00 UTC	KCAL	None
52	8	0	19 Sep 2015 02:00 UTC	KCBS	None
52	9	0	19 Sep 2015 02:00 UTC	KMEX	None
52	10	0	19 Sep 2015 02:00 UTC	KNBC	None
52	11	0	19 Sep 2015 02:00 UTC	KTTV-FOX	None
52	12	0	19 Sep 2015 02:00 UTC	MSNBC	None
52	13	0	19 Sep 2015 02:00 UTC	Spain	None
52	14	0	19 Sep 2015 02:00 UTC	WEWS	None
52	15	0	19 Sep 2015 02:00 UTC	WKYC	None
52	16	228	19 Sep 2015 02:00 UTC	WUAB	Cleveland 19 News On 43
52	17	0	19 Sep 2015 02:00 UTC	World	None
53	1	0	19 Sep 2015 03:00 UTC	AlJazeera	None
53	2	0	19 Sep 2015 03:00 UTC	CNN	None
53	3	0	19 Sep 2015 03:00 UTC	FOX-News	None
53	4	0	19 Sep 2015 03:00 UTC	France	None
53	5	0	19 Sep 2015 03:00 UTC	HLN	None
53	6	0	19 Sep 2015 03:00 UTC	KABC	None
53	7	0	19 Sep 2015 03:00 UTC	KCAL	None
53	8	0	19 Sep 2015 03:00 UTC	KCBS	None
53	9	0	19 Sep 2015 03:00 UTC	KMEX	None
53	10	0	19 Sep 2015 03:00 UTC	KNBC	None
53	11	0	19 Sep 2015 03:00 UTC	KTTV-FOX	None
53	12	0	19 Sep 2015 03:00 UTC	MSNBC	None
53	13	0	19 Sep 2015 03:00 UTC	Spain	None
53	14	0	19 Sep 2015 03:00 UTC	WEWS	None
53	15	0	19 Sep 2015 03:00 UTC	WKYC	None
53	16	0	19 Sep 2015 03:00 UTC	WUAB	None
53	17	0	19 Sep 2015 03:00 UTC	World	None
54	1	0	19 Sep 2015 04:00 UTC	AlJazeera	None
54	2	0	19 Sep 2015 04:00 UTC	CNN	None
54	3	0	19 Sep 2015 04:00 UTC	FOX-News	None
54	4	0	19 Sep 2015 04:00 UTC	France	None
54	5	0	19 Sep 2015 04:00 UTC	HLN	None
54	6	0	19 Sep 2015 04:00 UTC	KABC	None
54	7	0	19 Sep 2015 04:00 UTC	KCAL	None
54	8	0	19 Sep 2015 04:00 UTC	KCBS	None
54	9	0	19 Sep 2015 04:00 UTC	KMEX	None
54	10	0	19 Sep 2015 04:00 UTC	KNBC	None
54	11	0	19 Sep 2015 04:00 UTC	KTTV-FOX	None
54	12	0	19 Sep 2015 04:00 UTC	MSNBC	None
54	13	0	19 Sep 2015 04:00 UTC	Spain	None
54	14	0	19 Sep 2015 04:00 UTC	WEWS	None
54	15	0	19 Sep 2015 04:00 UTC	WKYC	None
54	16	0	19 Sep 2015 04:00 UTC	WUAB	None
54	17	0	19 Sep 2015 04:00 UTC	World	None
55	1	0	19 Sep 2015 05:00 UTC	AlJazeera	None
55	2	0	19 Sep 2015 05:00 UTC	CNN	None
55	3	0	19 Sep 2015 05:00 UTC	FOX-News	None
55	4	0	19 Sep 2015 05:00 UTC	France	None
55	5	0	19 Sep 2015 05:00 UTC	HLN	None
55	6	0	19 Sep 2015 05:00 UTC	KABC	None
55	7	0	19 Sep 2015 05:00 UTC	KCAL	None
55	8	0	19 Sep 2015 05:00 UTC	KCBS	None
55	9	0	19 Sep 2015 05:00 UTC	KMEX	None
55	10	0	19 Sep 2015 05:00 UTC	KNBC	None
55	11	0	19 Sep 2015 05:00 UTC	KTTV-FOX	None
55	12	0	19 Sep 2015 05:00 UTC	MSNBC	None
55	13	0	19 Sep 2015 05:00 UTC	Spain	None
55	14	0	19 Sep 2015 05:00 UTC	WEWS	None
55	15	0	19 Sep 2015 05:00 UTC	WKYC	None
55	16	0	19 Sep 2015 05:00 UTC	WUAB	None
55	17	0	19 Sep 2015 05:00 UTC	World	None
56	1	0	19 Sep 2015 06:00 UTC	AlJazeera	None
56	2	0	19 Sep 2015 06:00 UTC	CNN	None
56	3	0	19 Sep 2015 06:00 UTC	FOX-News	None
56	4	0	19 Sep 2015 06:00 UTC	France	None
56	5	0	19 Sep 2015 06:00 UTC	HLN	None
56	6	0	19 Sep 2015 06:00 UTC	KABC	None
56	7	0	19 Sep 2015 06:00 UTC	KCAL	None
56	8	0	19 Sep 2015 06:00 UTC	KCBS	None
56	9	0	19 Sep 2015 06:00 UTC	KMEX	None
56	10	0	19 Sep 2015 06:00 UTC	KNBC	None
56	11	0	19 Sep 2015 06:00 UTC	KTTV-FOX	None
56	12	0	19 Sep 2015 06:00 UTC	MSNBC	None
56	13	0	19 Sep 2015 06:00 UTC	Spain	None
56	14	0	19 Sep 2015 06:00 UTC	WEWS	None
56	15	0	19 Sep 2015 06:00 UTC	WKYC	None
56	16	0	19 Sep 2015 06:00 UTC	WUAB	None
56	17	0	19 Sep 2015 06:00 UTC	World	None
57	1	0	19 Sep 2015 07:00 UTC	AlJazeera	None
57	2	0	19 Sep 2015 07:00 UTC	CNN	None
57	3	0	19 Sep 2015 07:00 UTC	FOX-News	None
57	4	0	19 Sep 2015 07:00 UTC	France	None
57	5	0	19 Sep 2015 07:00 UTC	HLN	None
57	6	0	19 Sep 2015 07:00 UTC	KABC	None
57	7	0	19 Sep 2015 07:00 UTC	KCAL	None
57	8	0	19 Sep 2015 07:00 UTC	KCBS	None
57	9	0	19 Sep 2015 07:00 UTC	KMEX	None
57	10	0	19 Sep 2015 07:00 UTC	KNBC	None
57	11	0	19 Sep 2015 07:00 UTC	KTTV-FOX	None
57	12	0	19 Sep 2015 07:00 UTC	MSNBC	None
57	13	0	19 Sep 2015 07:00 UTC	Spain	None
57	14	0	19 Sep 2015 07:00 UTC	WEWS	None
57	15	0	19 Sep 2015 07:00 UTC	WKYC	None
57	16	0	19 Sep 2015 07:00 UTC	WUAB	None
57	17	0	19 Sep 2015 07:00 UTC	World	None
58	1	0	19 Sep 2015 08:00 UTC	AlJazeera	None
58	2	0	19 Sep 2015 08:00 UTC	CNN	None
58	3	0	19 Sep 2015 08:00 UTC	FOX-News	None
58	4	0	19 Sep 2015 08:00 UTC	France	None
58	5	0	19 Sep 2015 08:00 UTC	HLN	None
58	6	0	19 Sep 2015 08:00 UTC	KABC	None
58	7	0	19 Sep 2015 08:00 UTC	KCAL	None
58	8	0	19 Sep 2015 08:00 UTC	KCBS	None
58	9	0	19 Sep 2015 08:00 UTC	KMEX	None
58	10	0	19 Sep 2015 08:00 UTC	KNBC	None
58	11	0	19 Sep 2015 08:00 UTC	KTTV-FOX	None
58	12	0	19 Sep 2015 08:00 UTC	MSNBC	None
58	13	0	19 Sep 2015 08:00 UTC	Spain	None
58	14	0	19 Sep 2015 08:00 UTC	WEWS	None
58	15	0	19 Sep 2015 08:00 UTC	WKYC	None
58	16	0	19 Sep 2015 08:00 UTC	WUAB	None
58	17	0	19 Sep 2015 08:00 UTC	World	None
59	1	0	19 Sep 2015 09:00 UTC	AlJazeera	None
59	2	0	19 Sep 2015 09:00 UTC	CNN	None
59	3	0	19 Sep 2015 09:00 UTC	FOX-News	None
59	4	0	19 Sep 2015 09:00 UTC	France	None
59	5	0	19 Sep 2015 09:00 UTC	HLN	None
59	6	0	19 Sep 2015 09:00 UTC	KABC	None
59	7	0	19 Sep 2015 09:00 UTC	KCAL	None
59	8	0	19 Sep 2015 09:00 UTC	KCBS	None
59	9	0	19 Sep 2015 09:00 UTC	KMEX	None
59	10	0	19 Sep 2015 09:00 UTC	KNBC	None
59	11	0	19 Sep 2015 09:00 UTC	KTTV-FOX	None
59	12	0	19 Sep 2015 09:00 UTC	MSNBC	None
59	13	0	19 Sep 2015 09:00 UTC	Spain	None
59	14	0	19 Sep 2015 09:00 UTC	WEWS	None
59	15	0	19 Sep 2015 09:00 UTC	WKYC	None
59	16	0	19 Sep 2015 09:00 UTC	WUAB	None
59	17	0	19 Sep 2015 09:00 UTC	World	None
60	1	0	19 Sep 2015 10:00 UTC	AlJazeera	None
60	2	0	19 Sep 2015 10:00 UTC	CNN	None
60	3	0	19 Sep 2015 10:00 UTC	FOX-News	None
60	4	0	19 Sep 2015 10:00 UTC	France	None
60	5	0	19 Sep 2015 10:00 UTC	HLN	None
60	6	0	19 Sep 2015 10:00 UTC	KABC	None
60	7	0	19 Sep 2015 10:00 UTC	KCAL	None
60	8	0	19 Sep 2015 10:00 UTC	KCBS	None
60	9	0	19 Sep 2015 10:00 UTC	KMEX	None
60	10	0	19 Sep 2015 10:00 UTC	KNBC	None
60	11	0	19 Sep 2015 10:00 UTC	KTTV-FOX	None
60	12	0	19 Sep 2015 10:00 UTC	MSNBC	None
60	13	0	19 Sep 2015 10:00 UTC	Spain	None
60	14	0	19 Sep 2015 10:00 UTC	WEWS	None
60	15	0	19 Sep 2015 10:00 UTC	WKYC	None
60	16	0	19 Sep 2015 10:00 UTC	WUAB	None
60	17	0	19 Sep 2015 10:00 UTC	World	None
61	1	0	19 Sep 2015 11:00 UTC	AlJazeera	None
61	2	0	19 Sep 2015 11:00 UTC	CNN	None
61	3	0	19 Sep 2015 11:00 UTC	FOX-News	None
61	4	0	19 Sep 2015 11:00 UTC	France	None
61	5	0	19 Sep 2015 11:00 UTC	HLN	None
61	6	0	19 Sep 2015 11:00 UTC	KABC	None
61	7	0	19 Sep 2015 11:00 UTC	KCAL	None
61	8	0	19 Sep 2015 11:00 UTC	KCBS	None
61	9	0	19 Sep 2015 11:00 UTC	KMEX	None
61	10	0	19 Sep 2015 11:00 UTC	KNBC	None
61	11	0	19 Sep 2015 11:00 UTC	KTTV-FOX	None
61	12	0	19 Sep 2015 11:00 UTC	MSNBC	None
61	13	0	19 Sep 2015 11:00 UTC	Spain	None
61	14	0	19 Sep 2015 11:00 UTC	WEWS	None
61	15	0	19 Sep 2015 11:00 UTC	WKYC	None
61	16	0	19 Sep 2015 11:00 UTC	WUAB	None
61	17	0	19 Sep 2015 11:00 UTC	World	None
62	1	0	19 Sep 2015 12:00 UTC	AlJazeera	None
62	2	292	19 Sep 2015 12:00 UTC	CNN	New Day Saturday
62	3	0	19 Sep 2015 12:00 UTC	FOX-News	None
62	4	0	19 Sep 2015 12:00 UTC	France	None
62	5	0	19 Sep 2015 12:00 UTC	HLN	None
62	6	0	19 Sep 2015 12:00 UTC	KABC	None
62	7	0	19 Sep 2015 12:00 UTC	KCAL	None
62	8	0	19 Sep 2015 12:00 UTC	KCBS	None
62	9	0	19 Sep 2015 12:00 UTC	KMEX	None
62	10	0	19 Sep 2015 12:00 UTC	KNBC	None
62	11	0	19 Sep 2015 12:00 UTC	KTTV-FOX	None
62	12	237	19 Sep 2015 12:00 UTC	MSNBC	Up with Steve Kornacki
62	13	0	19 Sep 2015 12:00 UTC	Spain	None
62	14	0	19 Sep 2015 12:00 UTC	WEWS	None
62	15	0	19 Sep 2015 12:00 UTC	WKYC	None
62	16	0	19 Sep 2015 12:00 UTC	WUAB	None
62	17	0	19 Sep 2015 12:00 UTC	World	None
63	1	0	19 Sep 2015 13:00 UTC	AlJazeera	None
63	2	0	19 Sep 2015 13:00 UTC	CNN	None
63	3	0	19 Sep 2015 13:00 UTC	FOX-News	None
63	4	0	19 Sep 2015 13:00 UTC	France	None
63	5	0	19 Sep 2015 13:00 UTC	HLN	None
63	6	0	19 Sep 2015 13:00 UTC	KABC	None
63	7	0	19 Sep 2015 13:00 UTC	KCAL	None
63	8	0	19 Sep 2015 13:00 UTC	KCBS	None
63	9	0	19 Sep 2015 13:00 UTC	KMEX	None
63	10	0	19 Sep 2015 13:00 UTC	KNBC	None
63	11	0	19 Sep 2015 13:00 UTC	KTTV-FOX	None
63	12	266	19 Sep 2015 13:00 UTC	MSNBC	Up with Steve Kornacki
63	13	0	19 Sep 2015 13:00 UTC	Spain	None
63	14	0	19 Sep 2015 13:00 UTC	WEWS	None
63	15	0	19 Sep 2015 13:00 UTC	WKYC	None
63	16	0	19 Sep 2015 13:00 UTC	WUAB	None
63	17	0	19 Sep 2015 13:00 UTC	World	None
64	1	0	19 Sep 2015 14:00 UTC	AlJazeera	None
64	2	0	19 Sep 2015 14:00 UTC	CNN	None
64	3	0	19 Sep 2015 14:00 UTC	FOX-News	None
64	4	0	19 Sep 2015 14:00 UTC	France	None
64	5	0	19 Sep 2015 14:00 UTC	HLN	None
64	6	0	19 Sep 2015 14:00 UTC	KABC	None
64	7	0	19 Sep 2015 14:00 UTC	KCAL	None
64	8	0	19 Sep 2015 14:00 UTC	KCBS	None
64	9	0	19 Sep 2015 14:00 UTC	KMEX	None
64	10	0	19 Sep 2015 14:00 UTC	KNBC	None
64	11	0	19 Sep 2015 14:00 UTC	KTTV-FOX	None
64	12	274	19 Sep 2015 14:00 UTC	MSNBC	Melissa Harris-Perry
64	13	0	19 Sep 2015 14:00 UTC	Spain	None
64	14	0	19 Sep 2015 14:00 UTC	WEWS	None
64	15	0	19 Sep 2015 14:00 UTC	WKYC	None
64	16	0	19 Sep 2015 14:00 UTC	WUAB	None
64	17	0	19 Sep 2015 14:00 UTC	World	None
65	1	0	19 Sep 2015 15:00 UTC	AlJazeera	None
65	2	0	19 Sep 2015 15:00 UTC	CNN	None
65	3	0	19 Sep 2015 15:00 UTC	FOX-News	None
65	4	0	19 Sep 2015 15:00 UTC	France	None
65	5	0	19 Sep 2015 15:00 UTC	HLN	None
65	6	0	19 Sep 2015 15:00 UTC	KABC	None
65	7	0	19 Sep 2015 15:00 UTC	KCAL	None
65	8	0	19 Sep 2015 15:00 UTC	KCBS	None
65	9	0	19 Sep 2015 15:00 UTC	KMEX	None
65	10	0	19 Sep 2015 15:00 UTC	KNBC	None
65	11	0	19 Sep 2015 15:00 UTC	KTTV-FOX	None
65	12	233	19 Sep 2015 15:00 UTC	MSNBC	Melissa Harris-Perry
65	13	0	19 Sep 2015 15:00 UTC	Spain	None
65	14	0	19 Sep 2015 15:00 UTC	WEWS	None
65	15	0	19 Sep 2015 15:00 UTC	WKYC	None
65	16	0	19 Sep 2015 15:00 UTC	WUAB	None
65	17	0	19 Sep 2015 15:00 UTC	World	None
66	1	0	19 Sep 2015 16:00 UTC	AlJazeera	None
66	2	0	19 Sep 2015 16:00 UTC	CNN	None
66	3	0	19 Sep 2015 16:00 UTC	FOX-News	None
66	4	0	19 Sep 2015 16:00 UTC	France	None
66	5	0	19 Sep 2015 16:00 UTC	HLN	None
66	6	0	19 Sep 2015 16:00 UTC	KABC	None
66	7	0	19 Sep 2015 16:00 UTC	KCAL	None
66	8	0	19 Sep 2015 16:00 UTC	KCBS	None
66	9	0	19 Sep 2015 16:00 UTC	KMEX	None
66	10	0	19 Sep 2015 16:00 UTC	KNBC	None
66	11	0	19 Sep 2015 16:00 UTC	KTTV-FOX	None
66	12	0	19 Sep 2015 16:00 UTC	MSNBC	None
66	13	0	19 Sep 2015 16:00 UTC	Spain	None
66	14	0	19 Sep 2015 16:00 UTC	WEWS	None
66	15	0	19 Sep 2015 16:00 UTC	WKYC	None
66	16	0	19 Sep 2015 16:00 UTC	WUAB	None
66	17	0	19 Sep 2015 16:00 UTC	World	None
67	1	0	19 Sep 2015 17:00 UTC	AlJazeera	None
67	2	0	19 Sep 2015 17:00 UTC	CNN	None
67	3	0	19 Sep 2015 17:00 UTC	FOX-News	None
67	4	0	19 Sep 2015 17:00 UTC	France	None
67	5	0	19 Sep 2015 17:00 UTC	HLN	None
67	6	0	19 Sep 2015 17:00 UTC	KABC	None
67	7	0	19 Sep 2015 17:00 UTC	KCAL	None
67	8	0	19 Sep 2015 17:00 UTC	KCBS	None
67	9	0	19 Sep 2015 17:00 UTC	KMEX	None
67	10	0	19 Sep 2015 17:00 UTC	KNBC	None
67	11	0	19 Sep 2015 17:00 UTC	KTTV-FOX	None
67	12	0	19 Sep 2015 17:00 UTC	MSNBC	None
67	13	0	19 Sep 2015 17:00 UTC	Spain	None
67	14	0	19 Sep 2015 17:00 UTC	WEWS	None
67	15	0	19 Sep 2015 17:00 UTC	WKYC	None
67	16	0	19 Sep 2015 17:00 UTC	WUAB	None
67	17	0	19 Sep 2015 17:00 UTC	World	None
68	1	0	19 Sep 2015 18:00 UTC	AlJazeera	None
68	2	222	19 Sep 2015 18:00 UTC	CNN	Newsroom
68	3	289	19 Sep 2015 18:00 UTC	FOX-News	Americas News Headquarters
68	4	0	19 Sep 2015 18:00 UTC	France	None
68	5	0	19 Sep 2015 18:00 UTC	HLN	None
68	6	0	19 Sep 2015 18:00 UTC	KABC	None
68	7	0	19 Sep 2015 18:00 UTC	KCAL	None
68	8	0	19 Sep 2015 18:00 UTC	KCBS	None
68	9	0	19 Sep 2015 18:00 UTC	KMEX	None
68	10	0	19 Sep 2015 18:00 UTC	KNBC	None
68	11	0	19 Sep 2015 18:00 UTC	KTTV-FOX	None
68	12	0	19 Sep 2015 18:00 UTC	MSNBC	None
68	13	0	19 Sep 2015 18:00 UTC	Spain	None
68	14	0	19 Sep 2015 18:00 UTC	WEWS	None
68	15	0	19 Sep 2015 18:00 UTC	WKYC	None
68	16	0	19 Sep 2015 18:00 UTC	WUAB	None
68	17	0	19 Sep 2015 18:00 UTC	World	None
69	1	0	19 Sep 2015 19:00 UTC	AlJazeera	None
69	2	364	19 Sep 2015 19:00 UTC	CNN	Newsroom
69	3	194	19 Sep 2015 19:00 UTC	FOX-News	Journal Editorial Report
69	4	0	19 Sep 2015 19:00 UTC	France	None
69	5	0	19 Sep 2015 19:00 UTC	HLN	None
69	6	0	19 Sep 2015 19:00 UTC	KABC	None
69	7	0	19 Sep 2015 19:00 UTC	KCAL	None
69	8	0	19 Sep 2015 19:00 UTC	KCBS	None
69	9	0	19 Sep 2015 19:00 UTC	KMEX	None
69	10	0	19 Sep 2015 19:00 UTC	KNBC	None
69	11	0	19 Sep 2015 19:00 UTC	KTTV-FOX	None
69	12	0	19 Sep 2015 19:00 UTC	MSNBC	None
69	13	0	19 Sep 2015 19:00 UTC	Spain	None
69	14	0	19 Sep 2015 19:00 UTC	WEWS	None
69	15	0	19 Sep 2015 19:00 UTC	WKYC	None
69	16	0	19 Sep 2015 19:00 UTC	WUAB	None
69	17	0	19 Sep 2015 19:00 UTC	World	None
70	1	0	19 Sep 2015 20:00 UTC	AlJazeera	None
70	2	0	19 Sep 2015 20:00 UTC	CNN	None
70	3	0	19 Sep 2015 20:00 UTC	FOX-News	None
70	4	0	19 Sep 2015 20:00 UTC	France	None
70	5	0	19 Sep 2015 20:00 UTC	HLN	None
70	6	0	19 Sep 2015 20:00 UTC	KABC	None
70	7	0	19 Sep 2015 20:00 UTC	KCAL	None
70	8	0	19 Sep 2015 20:00 UTC	KCBS	None
70	9	0	19 Sep 2015 20:00 UTC	KMEX	None
70	10	0	19 Sep 2015 20:00 UTC	KNBC	None
70	11	0	19 Sep 2015 20:00 UTC	KTTV-FOX	None
70	12	0	19 Sep 2015 20:00 UTC	MSNBC	None
70	13	0	19 Sep 2015 20:00 UTC	Spain	None
70	14	0	19 Sep 2015 20:00 UTC	WEWS	None
70	15	0	19 Sep 2015 20:00 UTC	WKYC	None
70	16	0	19 Sep 2015 20:00 UTC	WUAB	None
70	17	0	19 Sep 2015 20:00 UTC	World	None
71	1	0	19 Sep 2015 21:00 UTC	AlJazeera	None
71	2	318	19 Sep 2015 21:00 UTC	CNN	Newsroom
71	3	0	19 Sep 2015 21:00 UTC	FOX-News	None
71	4	0	19 Sep 2015 21:00 UTC	France	None
71	5	0	19 Sep 2015 21:00 UTC	HLN	None
71	6	0	19 Sep 2015 21:00 UTC	KABC	None
71	7	0	19 Sep 2015 21:00 UTC	KCAL	None
71	8	0	19 Sep 2015 21:00 UTC	KCBS	None
71	9	0	19 Sep 2015 21:00 UTC	KMEX	None
71	10	0	19 Sep 2015 21:00 UTC	KNBC	None
71	11	0	19 Sep 2015 21:00 UTC	KTTV-FOX	None
71	12	0	19 Sep 2015 21:00 UTC	MSNBC	None
71	13	0	19 Sep 2015 21:00 UTC	Spain	None
71	14	0	19 Sep 2015 21:00 UTC	WEWS	None
71	15	0	19 Sep 2015 21:00 UTC	WKYC	None
71	16	0	19 Sep 2015 21:00 UTC	WUAB	None
71	17	0	19 Sep 2015 21:00 UTC	World	None
72	1	0	19 Sep 2015 22:00 UTC	AlJazeera	None
72	2	0	19 Sep 2015 22:00 UTC	CNN	None
72	3	0	19 Sep 2015 22:00 UTC	FOX-News	None
72	4	0	19 Sep 2015 22:00 UTC	France	None
72	5	0	19 Sep 2015 22:00 UTC	HLN	None
72	6	0	19 Sep 2015 22:00 UTC	KABC	None
72	7	0	19 Sep 2015 22:00 UTC	KCAL	None
72	8	0	19 Sep 2015 22:00 UTC	KCBS	None
72	9	0	19 Sep 2015 22:00 UTC	KMEX	None
72	10	0	19 Sep 2015 22:00 UTC	KNBC	None
72	11	0	19 Sep 2015 22:00 UTC	KTTV-FOX	None
72	12	0	19 Sep 2015 22:00 UTC	MSNBC	None
72	13	0	19 Sep 2015 22:00 UTC	Spain	None
72	14	0	19 Sep 2015 22:00 UTC	WEWS	None
72	15	0	19 Sep 2015 22:00 UTC	WKYC	None
72	16	0	19 Sep 2015 22:00 UTC	WUAB	None
72	17	0	19 Sep 2015 22:00 UTC	World	None
73	1	0	19 Sep 2015 23:00 UTC	AlJazeera	None
73	2	0	19 Sep 2015 23:00 UTC	CNN	None
73	3	0	19 Sep 2015 23:00 UTC	FOX-News	None
73	4	0	19 Sep 2015 23:00 UTC	France	None
73	5	0	19 Sep 2015 23:00 UTC	HLN	None
73	6	0	19 Sep 2015 23:00 UTC	KABC	None
73	7	0	19 Sep 2015 23:00 UTC	KCAL	None
73	8	0	19 Sep 2015 23:00 UTC	KCBS	None
73	9	0	19 Sep 2015 23:00 UTC	KMEX	None
73	10	0	19 Sep 2015 23:00 UTC	KNBC	None
73	11	0	19 Sep 2015 23:00 UTC	KTTV-FOX	None
73	12	0	19 Sep 2015 23:00 UTC	MSNBC	None
73	13	0	19 Sep 2015 23:00 UTC	Spain	None
73	14	0	19 Sep 2015 23:00 UTC	WEWS	None
73	15	0	19 Sep 2015 23:00 UTC	WKYC	None
73	16	0	19 Sep 2015 23:00 UTC	WUAB	None
73	17	0	19 Sep 2015 23:00 UTC	World	None
74	1	0	20 Sep 2015 00:00 UTC	AlJazeera	None
74	2	0	20 Sep 2015 00:00 UTC	CNN	None
74	3	0	20 Sep 2015 00:00 UTC	FOX-News	None
74	4	0	20 Sep 2015 00:00 UTC	France	None
74	5	0	20 Sep 2015 00:00 UTC	HLN	None
74	6	0	20 Sep 2015 00:00 UTC	KABC	None
74	7	0	20 Sep 2015 00:00 UTC	KCAL	None
74	8	0	20 Sep 2015 00:00 UTC	KCBS	None
74	9	0	20 Sep 2015 00:00 UTC	KMEX	None
74	10	0	20 Sep 2015 00:00 UTC	KNBC	None
74	11	0	20 Sep 2015 00:00 UTC	KTTV-FOX	None
74	12	0	20 Sep 2015 00:00 UTC	MSNBC	None
74	13	0	20 Sep 2015 00:00 UTC	Spain	None
74	14	0	20 Sep 2015 00:00 UTC	WEWS	None
74	15	0	20 Sep 2015 00:00 UTC	WKYC	None
74	16	0	20 Sep 2015 00:00 UTC	WUAB	None
74	17	0	20 Sep 2015 00:00 UTC	World	None
75	1	0	20 Sep 2015 01:00 UTC	AlJazeera	None
75	2	0	20 Sep 2015 01:00 UTC	CNN	None
75	3	0	20 Sep 2015 01:00 UTC	FOX-News	None
75	4	0	20 Sep 2015 01:00 UTC	France	None
75	5	0	20 Sep 2015 01:00 UTC	HLN	None
75	6	0	20 Sep 2015 01:00 UTC	KABC	None
75	7	0	20 Sep 2015 01:00 UTC	KCAL	None
75	8	0	20 Sep 2015 01:00 UTC	KCBS	None
75	9	0	20 Sep 2015 01:00 UTC	KMEX	None
75	10	0	20 Sep 2015 01:00 UTC	KNBC	None
75	11	0	20 Sep 2015 01:00 UTC	KTTV-FOX	None
75	12	0	20 Sep 2015 01:00 UTC	MSNBC	None
75	13	0	20 Sep 2015 01:00 UTC	Spain	None
75	14	0	20 Sep 2015 01:00 UTC	WEWS	None
75	15	0	20 Sep 2015 01:00 UTC	WKYC	None
75	16	0	20 Sep 2015 01:00 UTC	WUAB	None
75	17	0	20 Sep 2015 01:00 UTC	World	None
76	1	0	20 Sep 2015 02:00 UTC	AlJazeera	None
76	2	0	20 Sep 2015 02:00 UTC	CNN	None
76	3	0	20 Sep 2015 02:00 UTC	FOX-News	None
76	4	0	20 Sep 2015 02:00 UTC	France	None
76	5	0	20 Sep 2015 02:00 UTC	HLN	None
76	6	0	20 Sep 2015 02:00 UTC	KABC	None
76	7	0	20 Sep 2015 02:00 UTC	KCAL	None
76	8	0	20 Sep 2015 02:00 UTC	KCBS	None
76	9	0	20 Sep 2015 02:00 UTC	KMEX	None
76	10	0	20 Sep 2015 02:00 UTC	KNBC	None
76	11	0	20 Sep 2015 02:00 UTC	KTTV-FOX	None
76	12	0	20 Sep 2015 02:00 UTC	MSNBC	None
76	13	0	20 Sep 2015 02:00 UTC	Spain	None
76	14	0	20 Sep 2015 02:00 UTC	WEWS	None
76	15	0	20 Sep 2015 02:00 UTC	WKYC	None
76	16	0	20 Sep 2015 02:00 UTC	WUAB	None
76	17	0	20 Sep 2015 02:00 UTC	World	None
77	1	0	20 Sep 2015 03:00 UTC	AlJazeera	None
77	2	0	20 Sep 2015 03:00 UTC	CNN	None
77	3	0	20 Sep 2015 03:00 UTC	FOX-News	None
77	4	0	20 Sep 2015 03:00 UTC	France	None
77	5	0	20 Sep 2015 03:00 UTC	HLN	None
77	6	0	20 Sep 2015 03:00 UTC	KABC	None
77	7	0	20 Sep 2015 03:00 UTC	KCAL	None
77	8	0	20 Sep 2015 03:00 UTC	KCBS	None
77	9	0	20 Sep 2015 03:00 UTC	KMEX	None
77	10	0	20 Sep 2015 03:00 UTC	KNBC	None
77	11	0	20 Sep 2015 03:00 UTC	KTTV-FOX	None
77	12	0	20 Sep 2015 03:00 UTC	MSNBC	None
77	13	0	20 Sep 2015 03:00 UTC	Spain	None
77	14	0	20 Sep 2015 03:00 UTC	WEWS	None
77	15	0	20 Sep 2015 03:00 UTC	WKYC	None
77	16	0	20 Sep 2015 03:00 UTC	WUAB	None
77	17	0	20 Sep 2015 03:00 UTC	World	None
78	1	0	20 Sep 2015 04:00 UTC	AlJazeera	None
78	2	0	20 Sep 2015 04:00 UTC	CNN	None
78	3	0	20 Sep 2015 04:00 UTC	FOX-News	None
78	4	0	20 Sep 2015 04:00 UTC	France	None
78	5	0	20 Sep 2015 04:00 UTC	HLN	None
78	6	0	20 Sep 2015 04:00 UTC	KABC	None
78	7	0	20 Sep 2015 04:00 UTC	KCAL	None
78	8	0	20 Sep 2015 04:00 UTC	KCBS	None
78	9	0	20 Sep 2015 04:00 UTC	KMEX	None
78	10	0	20 Sep 2015 04:00 UTC	KNBC	None
78	11	0	20 Sep 2015 04:00 UTC	KTTV-FOX	None
78	12	0	20 Sep 2015 04:00 UTC	MSNBC	None
78	13	0	20 Sep 2015 04:00 UTC	Spain	None
78	14	0	20 Sep 2015 04:00 UTC	WEWS	None
78	15	0	20 Sep 2015 04:00 UTC	WKYC	None
78	16	0	20 Sep 2015 04:00 UTC	WUAB	None
78	17	0	20 Sep 2015 04:00 UTC	World	None
79	1	0	20 Sep 2015 05:00 UTC	AlJazeera	None
79	2	0	20 Sep 2015 05:00 UTC	CNN	None
79	3	0	20 Sep 2015 05:00 UTC	FOX-News	None
79	4	0	20 Sep 2015 05:00 UTC	France	None
79	5	0	20 Sep 2015 05:00 UTC	HLN	None
79	6	0	20 Sep 2015 05:00 UTC	KABC	None
79	7	0	20 Sep 2015 05:00 UTC	KCAL	None
79	8	0	20 Sep 2015 05:00 UTC	KCBS	None
79	9	0	20 Sep 2015 05:00 UTC	KMEX	None
79	10	0	20 Sep 2015 05:00 UTC	KNBC	None
79	11	0	20 Sep 2015 05:00 UTC	KTTV-FOX	None
79	12	0	20 Sep 2015 05:00 UTC	MSNBC	None
79	13	0	20 Sep 2015 05:00 UTC	Spain	None
79	14	0	20 Sep 2015 05:00 UTC	WEWS	None
79	15	0	20 Sep 2015 05:00 UTC	WKYC	None
79	16	0	20 Sep 2015 05:00 UTC	WUAB	None
79	17	0	20 Sep 2015 05:00 UTC	World	None
80	1	0	20 Sep 2015 06:00 UTC	AlJazeera	None
80	2	0	20 Sep 2015 06:00 UTC	CNN	None
80	3	0	20 Sep 2015 06:00 UTC	FOX-News	None
80	4	0	20 Sep 2015 06:00 UTC	France	None
80	5	0	20 Sep 2015 06:00 UTC	HLN	None
80	6	0	20 Sep 2015 06:00 UTC	KABC	None
80	7	0	20 Sep 2015 06:00 UTC	KCAL	None
80	8	0	20 Sep 2015 06:00 UTC	KCBS	None
80	9	0	20 Sep 2015 06:00 UTC	KMEX	None
80	10	0	20 Sep 2015 06:00 UTC	KNBC	None
80	11	0	20 Sep 2015 06:00 UTC	KTTV-FOX	None
80	12	0	20 Sep 2015 06:00 UTC	MSNBC	None
80	13	0	20 Sep 2015 06:00 UTC	Spain	None
80	14	0	20 Sep 2015 06:00 UTC	WEWS	None
80	15	0	20 Sep 2015 06:00 UTC	WKYC	None
80	16	0	20 Sep 2015 06:00 UTC	WUAB	None
80	17	0	20 Sep 2015 06:00 UTC	World	None
81	1	0	20 Sep 2015 07:00 UTC	AlJazeera	None
81	2	0	20 Sep 2015 07:00 UTC	CNN	None
81	3	0	20 Sep 2015 07:00 UTC	FOX-News	None
81	4	0	20 Sep 2015 07:00 UTC	France	None
81	5	0	20 Sep 2015 07:00 UTC	HLN	None
81	6	0	20 Sep 2015 07:00 UTC	KABC	None
81	7	0	20 Sep 2015 07:00 UTC	KCAL	None
81	8	0	20 Sep 2015 07:00 UTC	KCBS	None
81	9	0	20 Sep 2015 07:00 UTC	KMEX	None
81	10	0	20 Sep 2015 07:00 UTC	KNBC	None
81	11	0	20 Sep 2015 07:00 UTC	KTTV-FOX	None
81	12	0	20 Sep 2015 07:00 UTC	MSNBC	None
81	13	0	20 Sep 2015 07:00 UTC	Spain	None
81	14	0	20 Sep 2015 07:00 UTC	WEWS	None
81	15	0	20 Sep 2015 07:00 UTC	WKYC	None
81	16	0	20 Sep 2015 07:00 UTC	WUAB	None
81	17	0	20 Sep 2015 07:00 UTC	World	None
82	1	0	20 Sep 2015 08:00 UTC	AlJazeera	None
82	2	0	20 Sep 2015 08:00 UTC	CNN	None
82	3	0	20 Sep 2015 08:00 UTC	FOX-News	None
82	4	0	20 Sep 2015 08:00 UTC	France	None
82	5	0	20 Sep 2015 08:00 UTC	HLN	None
82	6	0	20 Sep 2015 08:00 UTC	KABC	None
82	7	0	20 Sep 2015 08:00 UTC	KCAL	None
82	8	0	20 Sep 2015 08:00 UTC	KCBS	None
82	9	0	20 Sep 2015 08:00 UTC	KMEX	None
82	10	0	20 Sep 2015 08:00 UTC	KNBC	None
82	11	0	20 Sep 2015 08:00 UTC	KTTV-FOX	None
82	12	0	20 Sep 2015 08:00 UTC	MSNBC	None
82	13	0	20 Sep 2015 08:00 UTC	Spain	None
82	14	0	20 Sep 2015 08:00 UTC	WEWS	None
82	15	0	20 Sep 2015 08:00 UTC	WKYC	None
82	16	0	20 Sep 2015 08:00 UTC	WUAB	None
82	17	0	20 Sep 2015 08:00 UTC	World	None
83	1	0	20 Sep 2015 09:00 UTC	AlJazeera	None
83	2	0	20 Sep 2015 09:00 UTC	CNN	None
83	3	0	20 Sep 2015 09:00 UTC	FOX-News	None
83	4	0	20 Sep 2015 09:00 UTC	France	None
83	5	0	20 Sep 2015 09:00 UTC	HLN	None
83	6	0	20 Sep 2015 09:00 UTC	KABC	None
83	7	0	20 Sep 2015 09:00 UTC	KCAL	None
83	8	0	20 Sep 2015 09:00 UTC	KCBS	None
83	9	0	20 Sep 2015 09:00 UTC	KMEX	None
83	10	0	20 Sep 2015 09:00 UTC	KNBC	None
83	11	0	20 Sep 2015 09:00 UTC	KTTV-FOX	None
83	12	0	20 Sep 2015 09:00 UTC	MSNBC	None
83	13	0	20 Sep 2015 09:00 UTC	Spain	None
83	14	0	20 Sep 2015 09:00 UTC	WEWS	None
83	15	0	20 Sep 2015 09:00 UTC	WKYC	None
83	16	0	20 Sep 2015 09:00 UTC	WUAB	None
83	17	0	20 Sep 2015 09:00 UTC	World	None
84	1	0	20 Sep 2015 10:00 UTC	AlJazeera	None
84	2	345	20 Sep 2015 10:00 UTC	CNN	New Day Sunday
84	3	292	20 Sep 2015 10:00 UTC	FOX-News	Fox and Friends
84	4	0	20 Sep 2015 10:00 UTC	France	None
84	5	0	20 Sep 2015 10:00 UTC	HLN	None
84	6	0	20 Sep 2015 10:00 UTC	KABC	None
84	7	0	20 Sep 2015 10:00 UTC	KCAL	None
84	8	0	20 Sep 2015 10:00 UTC	KCBS	None
84	9	0	20 Sep 2015 10:00 UTC	KMEX	None
84	10	0	20 Sep 2015 10:00 UTC	KNBC	None
84	11	0	20 Sep 2015 10:00 UTC	KTTV-FOX	None
84	12	0	20 Sep 2015 10:00 UTC	MSNBC	None
84	13	0	20 Sep 2015 10:00 UTC	Spain	None
84	14	0	20 Sep 2015 10:00 UTC	WEWS	None
84	15	0	20 Sep 2015 10:00 UTC	WKYC	None
84	16	0	20 Sep 2015 10:00 UTC	WUAB	None
84	17	0	20 Sep 2015 10:00 UTC	World	None
85	1	0	20 Sep 2015 11:00 UTC	AlJazeera	None
85	2	268	20 Sep 2015 11:00 UTC	CNN	New Day Sunday
85	3	0	20 Sep 2015 11:00 UTC	FOX-News	None
85	4	0	20 Sep 2015 11:00 UTC	France	None
85	5	0	20 Sep 2015 11:00 UTC	HLN	None
85	6	0	20 Sep 2015 11:00 UTC	KABC	None
85	7	0	20 Sep 2015 11:00 UTC	KCAL	None
85	8	0	20 Sep 2015 11:00 UTC	KCBS	None
85	9	0	20 Sep 2015 11:00 UTC	KMEX	None
85	10	0	20 Sep 2015 11:00 UTC	KNBC	None
85	11	0	20 Sep 2015 11:00 UTC	KTTV-FOX	None
85	12	0	20 Sep 2015 11:00 UTC	MSNBC	None
85	13	0	20 Sep 2015 11:00 UTC	Spain	None
85	14	0	20 Sep 2015 11:00 UTC	WEWS	None
85	15	0	20 Sep 2015 11:00 UTC	WKYC	None
85	16	0	20 Sep 2015 11:00 UTC	WUAB	None
85	17	0	20 Sep 2015 11:00 UTC	World	None
86	1	0	20 Sep 2015 12:00 UTC	AlJazeera	None
86	2	141	20 Sep 2015 12:00 UTC	CNN	New Day Sunday
86	3	0	20 Sep 2015 12:00 UTC	FOX-News	None
86	4	0	20 Sep 2015 12:00 UTC	France	None
86	5	0	20 Sep 2015 12:00 UTC	HLN	None
86	6	0	20 Sep 2015 12:00 UTC	KABC	None
86	7	0	20 Sep 2015 12:00 UTC	KCAL	None
86	8	0	20 Sep 2015 12:00 UTC	KCBS	None
86	9	0	20 Sep 2015 12:00 UTC	KMEX	None
86	10	0	20 Sep 2015 12:00 UTC	KNBC	None
86	11	0	20 Sep 2015 12:00 UTC	KTTV-FOX	None
86	12	393	20 Sep 2015 12:00 UTC	MSNBC	Up with Steve Kornacki
86	13	0	20 Sep 2015 12:00 UTC	Spain	None
86	14	0	20 Sep 2015 12:00 UTC	WEWS	None
86	15	0	20 Sep 2015 12:00 UTC	WKYC	None
86	16	0	20 Sep 2015 12:00 UTC	WUAB	None
86	17	0	20 Sep 2015 12:00 UTC	World	None
87	1	0	20 Sep 2015 13:00 UTC	AlJazeera	None
87	2	287	20 Sep 2015 13:00 UTC	CNN	State of the Union with Jake Tapper
87	3	0	20 Sep 2015 13:00 UTC	FOX-News	None
87	4	0	20 Sep 2015 13:00 UTC	France	None
87	5	0	20 Sep 2015 13:00 UTC	HLN	None
87	6	0	20 Sep 2015 13:00 UTC	KABC	None
87	7	0	20 Sep 2015 13:00 UTC	KCAL	None
87	8	0	20 Sep 2015 13:00 UTC	KCBS	None
87	9	0	20 Sep 2015 13:00 UTC	KMEX	None
87	10	0	20 Sep 2015 13:00 UTC	KNBC	None
87	11	0	20 Sep 2015 13:00 UTC	KTTV-FOX	None
87	12	346	20 Sep 2015 13:00 UTC	MSNBC	Up with Steve Kornacki
87	13	0	20 Sep 2015 13:00 UTC	Spain	None
87	14	0	20 Sep 2015 13:00 UTC	WEWS	None
87	15	0	20 Sep 2015 13:00 UTC	WKYC	None
87	16	0	20 Sep 2015 13:00 UTC	WUAB	None
87	17	0	20 Sep 2015 13:00 UTC	World	None
88	1	0	20 Sep 2015 14:00 UTC	AlJazeera	None
88	2	0	20 Sep 2015 14:00 UTC	CNN	None
88	3	0	20 Sep 2015 14:00 UTC	FOX-News	None
88	4	0	20 Sep 2015 14:00 UTC	France	None
88	5	0	20 Sep 2015 14:00 UTC	HLN	None
88	6	0	20 Sep 2015 14:00 UTC	KABC	None
88	7	0	20 Sep 2015 14:00 UTC	KCAL	None
88	8	0	20 Sep 2015 14:00 UTC	KCBS	None
88	9	0	20 Sep 2015 14:00 UTC	KMEX	None
88	10	0	20 Sep 2015 14:00 UTC	KNBC	None
88	11	293	20 Sep 2015 14:00 UTC	KTTV-FOX	News Sunday with Chris Wallace
88	12	0	20 Sep 2015 14:00 UTC	MSNBC	None
88	13	0	20 Sep 2015 14:00 UTC	Spain	None
88	14	0	20 Sep 2015 14:00 UTC	WEWS	None
88	15	0	20 Sep 2015 14:00 UTC	WKYC	None
88	16	0	20 Sep 2015 14:00 UTC	WUAB	None
88	17	0	20 Sep 2015 14:00 UTC	World	None
89	1	0	20 Sep 2015 15:00 UTC	AlJazeera	None
89	2	261	20 Sep 2015 15:00 UTC	CNN	Reliable Sources
89	3	226	20 Sep 2015 15:00 UTC	FOX-News	MediaBuzz
89	4	0	20 Sep 2015 15:00 UTC	France	None
89	5	0	20 Sep 2015 15:00 UTC	HLN	None
89	6	392	20 Sep 2015 15:00 UTC	KABC	This Week
89	7	0	20 Sep 2015 15:00 UTC	KCAL	None
89	8	435	20 Sep 2015 15:00 UTC	KCBS	Face the Nation
89	9	0	20 Sep 2015 15:00 UTC	KMEX	None
89	10	0	20 Sep 2015 15:00 UTC	KNBC	None
89	11	0	20 Sep 2015 15:00 UTC	KTTV-FOX	None
89	12	0	20 Sep 2015 15:00 UTC	MSNBC	None
89	13	0	20 Sep 2015 15:00 UTC	Spain	None
89	14	0	20 Sep 2015 15:00 UTC	WEWS	None
89	15	0	20 Sep 2015 15:00 UTC	WKYC	None
89	16	0	20 Sep 2015 15:00 UTC	WUAB	None
89	17	0	20 Sep 2015 15:00 UTC	World	None
90	1	0	20 Sep 2015 16:00 UTC	AlJazeera	None
90	2	0	20 Sep 2015 16:00 UTC	CNN	None
90	3	0	20 Sep 2015 16:00 UTC	FOX-News	None
90	4	0	20 Sep 2015 16:00 UTC	France	None
90	5	0	20 Sep 2015 16:00 UTC	HLN	None
90	6	0	20 Sep 2015 16:00 UTC	KABC	None
90	7	0	20 Sep 2015 16:00 UTC	KCAL	None
90	8	0	20 Sep 2015 16:00 UTC	KCBS	None
90	9	0	20 Sep 2015 16:00 UTC	KMEX	None
90	10	0	20 Sep 2015 16:00 UTC	KNBC	None
90	11	0	20 Sep 2015 16:00 UTC	KTTV-FOX	None
90	12	0	20 Sep 2015 16:00 UTC	MSNBC	None
90	13	0	20 Sep 2015 16:00 UTC	Spain	None
90	14	0	20 Sep 2015 16:00 UTC	WEWS	None
90	15	0	20 Sep 2015 16:00 UTC	WKYC	None
90	16	0	20 Sep 2015 16:00 UTC	WUAB	None
90	17	0	20 Sep 2015 16:00 UTC	World	None
91	1	0	20 Sep 2015 17:00 UTC	AlJazeera	None
91	2	0	20 Sep 2015 17:00 UTC	CNN	None
91	3	0	20 Sep 2015 17:00 UTC	FOX-News	None
91	4	0	20 Sep 2015 17:00 UTC	France	None
91	5	0	20 Sep 2015 17:00 UTC	HLN	None
91	6	0	20 Sep 2015 17:00 UTC	KABC	None
91	7	0	20 Sep 2015 17:00 UTC	KCAL	None
91	8	0	20 Sep 2015 17:00 UTC	KCBS	None
91	9	0	20 Sep 2015 17:00 UTC	KMEX	None
91	10	0	20 Sep 2015 17:00 UTC	KNBC	None
91	11	0	20 Sep 2015 17:00 UTC	KTTV-FOX	None
91	12	0	20 Sep 2015 17:00 UTC	MSNBC	None
91	13	0	20 Sep 2015 17:00 UTC	Spain	None
91	14	0	20 Sep 2015 17:00 UTC	WEWS	None
91	15	0	20 Sep 2015 17:00 UTC	WKYC	None
91	16	0	20 Sep 2015 17:00 UTC	WUAB	None
91	17	0	20 Sep 2015 17:00 UTC	World	None
92	1	0	20 Sep 2015 18:00 UTC	AlJazeera	None
92	2	364	20 Sep 2015 18:00 UTC	CNN	Newsroom
92	3	0	20 Sep 2015 18:00 UTC	FOX-News	None
92	4	0	20 Sep 2015 18:00 UTC	France	None
92	5	0	20 Sep 2015 18:00 UTC	HLN	None
92	6	0	20 Sep 2015 18:00 UTC	KABC	None
92	7	0	20 Sep 2015 18:00 UTC	KCAL	None
92	8	0	20 Sep 2015 18:00 UTC	KCBS	None
92	9	0	20 Sep 2015 18:00 UTC	KMEX	None
92	10	0	20 Sep 2015 18:00 UTC	KNBC	None
92	11	0	20 Sep 2015 18:00 UTC	KTTV-FOX	None
92	12	380	20 Sep 2015 18:00 UTC	MSNBC	Meet the Press
92	13	0	20 Sep 2015 18:00 UTC	Spain	None
92	14	0	20 Sep 2015 18:00 UTC	WEWS	None
92	15	0	20 Sep 2015 18:00 UTC	WKYC	None
92	16	0	20 Sep 2015 18:00 UTC	WUAB	None
92	17	0	20 Sep 2015 18:00 UTC	World	None
93	1	0	20 Sep 2015 19:00 UTC	AlJazeera	None
93	2	0	20 Sep 2015 19:00 UTC	CNN	None
93	3	0	20 Sep 2015 19:00 UTC	FOX-News	None
93	4	0	20 Sep 2015 19:00 UTC	France	None
93	5	0	20 Sep 2015 19:00 UTC	HLN	None
93	6	0	20 Sep 2015 19:00 UTC	KABC	None
93	7	0	20 Sep 2015 19:00 UTC	KCAL	None
93	8	0	20 Sep 2015 19:00 UTC	KCBS	None
93	9	0	20 Sep 2015 19:00 UTC	KMEX	None
93	10	0	20 Sep 2015 19:00 UTC	KNBC	None
93	11	0	20 Sep 2015 19:00 UTC	KTTV-FOX	None
93	12	0	20 Sep 2015 19:00 UTC	MSNBC	None
93	13	0	20 Sep 2015 19:00 UTC	Spain	None
93	14	0	20 Sep 2015 19:00 UTC	WEWS	None
93	15	0	20 Sep 2015 19:00 UTC	WKYC	None
93	16	0	20 Sep 2015 19:00 UTC	WUAB	None
93	17	0	20 Sep 2015 19:00 UTC	World	None
94	1	0	20 Sep 2015 20:00 UTC	AlJazeera	None
94	2	0	20 Sep 2015 20:00 UTC	CNN	None
94	3	0	20 Sep 2015 20:00 UTC	FOX-News	None
94	4	0	20 Sep 2015 20:00 UTC	France	None
94	5	0	20 Sep 2015 20:00 UTC	HLN	None
94	6	0	20 Sep 2015 20:00 UTC	KABC	None
94	7	0	20 Sep 2015 20:00 UTC	KCAL	None
94	8	0	20 Sep 2015 20:00 UTC	KCBS	None
94	9	0	20 Sep 2015 20:00 UTC	KMEX	None
94	10	0	20 Sep 2015 20:00 UTC	KNBC	None
94	11	0	20 Sep 2015 20:00 UTC	KTTV-FOX	None
94	12	0	20 Sep 2015 20:00 UTC	MSNBC	None
94	13	0	20 Sep 2015 20:00 UTC	Spain	None
94	14	0	20 Sep 2015 20:00 UTC	WEWS	None
94	15	0	20 Sep 2015 20:00 UTC	WKYC	None
94	16	0	20 Sep 2015 20:00 UTC	WUAB	None
94	17	0	20 Sep 2015 20:00 UTC	World	None
95	1	0	20 Sep 2015 21:00 UTC	AlJazeera	None
95	2	0	20 Sep 2015 21:00 UTC	CNN	None
95	3	0	20 Sep 2015 21:00 UTC	FOX-News	None
95	4	0	20 Sep 2015 21:00 UTC	France	None
95	5	0	20 Sep 2015 21:00 UTC	HLN	None
95	6	0	20 Sep 2015 21:00 UTC	KABC	None
95	7	0	20 Sep 2015 21:00 UTC	KCAL	None
95	8	0	20 Sep 2015 21:00 UTC	KCBS	None
95	9	0	20 Sep 2015 21:00 UTC	KMEX	None
95	10	0	20 Sep 2015 21:00 UTC	KNBC	None
95	11	0	20 Sep 2015 21:00 UTC	KTTV-FOX	None
95	12	0	20 Sep 2015 21:00 UTC	MSNBC	None
95	13	0	20 Sep 2015 21:00 UTC	Spain	None
95	14	0	20 Sep 2015 21:00 UTC	WEWS	None
95	15	0	20 Sep 2015 21:00 UTC	WKYC	None
95	16	0	20 Sep 2015 21:00 UTC	WUAB	None
95	17	0	20 Sep 2015 21:00 UTC	World	None
96	1	0	20 Sep 2015 22:00 UTC	AlJazeera	None
96	2	300	20 Sep 2015 22:00 UTC	CNN	Newsroom
96	3	0	20 Sep 2015 22:00 UTC	FOX-News	None
96	4	0	20 Sep 2015 22:00 UTC	France	None
96	5	0	20 Sep 2015 22:00 UTC	HLN	None
96	6	0	20 Sep 2015 22:00 UTC	KABC	None
96	7	0	20 Sep 2015 22:00 UTC	KCAL	None
96	8	0	20 Sep 2015 22:00 UTC	KCBS	None
96	9	0	20 Sep 2015 22:00 UTC	KMEX	None
96	10	210	20 Sep 2015 22:00 UTC	KNBC	NBC Nightly News
96	11	0	20 Sep 2015 22:00 UTC	KTTV-FOX	None
96	12	0	20 Sep 2015 22:00 UTC	MSNBC	None
96	13	0	20 Sep 2015 22:00 UTC	Spain	None
96	14	0	20 Sep 2015 22:00 UTC	WEWS	None
96	15	0	20 Sep 2015 22:00 UTC	WKYC	None
96	16	0	20 Sep 2015 22:00 UTC	WUAB	None
96	17	0	20 Sep 2015 22:00 UTC	World	None
